ID,Name,ChildName,Desc,Remarks
ID,Name,ChildName,Desc,Remarks
1010001,Hava değiştiğinde,Dünya,Hava her değiştiğinde,Hava güneşliden yağmurluya ve yağmurludan güneşliye değiştiğinde
1010002,Arazi grubundaki hava değiştiğinde,Dünya,Belirtirken |@1| 'in hava durumu değişiklikleri,"Ortak grup: ova / orman / uçurum / orman / havza / boş ada / nehir; okyanus grubu: plaj / derin deniz / sığ deniz / ada; çöl grubu: çöl / vaha; sıradan soğuk bölge: iğne yapraklı orman / buz alanı; tepe soğuk bölge: buzdağı; volkanik grup: yanardağ; sulak alan grubu: yağmur ormanı / bataklık; düz, boş ada"
1020001,Oyun oluşturulduğunda,Oyun Mantığı,Oyun oluşturulduğunda tetiklenir,Bittikten sonra oyun başladığında oyun geri sayımı 3，2，1'e girin
1020002,oyun içi zaman,Oyun Mantığı,Oyundaki süre |@1|noktada,Oyunun geçerli saati belirtilen zamanda olduğunda
1020003,Oyun çalışma süresi,Oyun Mantığı,Oyun çalışma süresi|@1|saniye sonra,Oyuna girdikten ve belirli bir süre koştuktan sonra
1020004,oyun zaferi,Oyun Mantığı,Herhangi bir oyuncu zaferi tetiklediğinde,@Null@
1020005,oyun bitti,Oyun Mantığı,Herhangi bir oyuncu tetiklemede başarısız olduğunda,@Null@
1020007,Oyuncu oyuna girer,Oyun Mantığı,Herhangi bir oyuncu oyuna girdiğinde,@Null@
1020008,Oyuncu oyunu terk eder,Oyun Mantığı,Herhangi bir oyuncu oyundan çıktığında,@Null@
1020009,Zamanlayıcı değişikliği,Oyun Mantığı,Herhangi bir zamanlayıcı değiştiğinde,Değişken kitaplığındaki herhangi bir zamanlayıcı değişkeni değiştiğinde
1020010,Zamanlayıcı değişikliğini belirtin,Oyun Mantığı,@1|Bir değişiklik olduğunda,Değişken kitaplığında belirtilen zamanlayıcı değişkeni değiştiğinde
1020011,Oyun ne zaman çalışırsa (döngü),Oyun Mantığı,Oyun her çalıştığında|@1|sn,"1. Minimum değer 0，05 saniyedir，0，01-0，09 0，05 olacaktır.
 2. Oyun，belirli bir süre boyunca (döngü) her çalıştırıldığında tetiklenir"
1020012,Harita bilgi aldığında,Oyun Mantığı,Harita herhangi bir dize bilgisi aldığında,@Null@
1030001,Oyuncu yenildi,Oyuncu,Herhangi bir oyuncu yenildiğinde,@Null@
1030002,Yeniden doğma,Oyuncu,Herhangi bir oyuncu dirildi,@Null@
1030003,Öznitelik Değişimi,Oyuncu,Herhangi bir oyuncu|@1|değiştir,Oyuncunun belirli bir özelliği，örneğin kan hacmi değiştiğinde
1030004,Hedefi Yen,Oyuncu,Herhangi bir oyuncu diğer oyuncuları veya herhangi bir yaratığı yener,Oyuncu diğer oyuncuları，yaratıkları yendiğinde. Yenilen oyuncu ve yaratık，etkinlikteki hedef oyuncu ve yaratıktır.
1030005,Saldırı,Oyuncu,Herhangi bir oyuncu saldırdığında,@Null@
1030006,Saldırı vuruşu,Oyuncu,Herhangi bir oyuncu saldırısı，herhangi bir oyuncuya veya yaratığa çarpar,Oyuncunun saldırısı diğer oyunculara veya yaratıklara çarptığında. Vurulan oyuncular ve yaratıklar，etkinlikteki hedef oyuncular ve yaratıklardır.
1030007,bazı hasarlara neden olmak,Oyuncu,Herhangi bir oyuncu，herhangi bir oyuncuya veya yaratığa zarar verir,Oyuncu diğer oyunculara veya yaratıklara zarar verdiğinde. Yaralı oyuncu ve yaratık，etkinlikteki hedef oyuncu ve yaratıktır.
1030008,Saldır,Oyuncu,Herhangi bir oyuncu hasar alır,@Null@
1030009,Hamle,Oyuncu,Herhangi bir oyuncu bir blok mesafe hareket ettiğinde,@Null@
1030010,Animasyonlu ifadeler kullanın,Oyuncu,Herhangi bir oyuncu animasyonlu ifadeler kullanır,@Null@
1030011,Öğeleri Kullan,Oyuncu,Herhangi bir oyuncu sahne kullanır,@Null@
1030012,Öğeleri Al,Oyuncu,Herhangi bir oyuncu sahne alır,@Null@
1030013,Öğeleri Tüket,Oyuncu,Herhangi bir oyuncu öğeleri tüketir,@Null@
1030014,Yaratığa Tıkla,Oyuncu,Herhangi bir oyuncu yaratığa tıklar,@Null@
1030015,Kareye Tıkla,Oyuncu,Herhangi bir oyuncu kareye tıklar,@Null@
1030016,Sür,Oyuncu,Herhangi bir oyuncu herhangi bir binek ve araca biner,@Null@
1030017,sürüşü iptal et,Oyuncu,Herhangi bir oyuncu sürüşü iptal eder,@Null@
1030018,Hareket Durumu Değişimi,Oyuncu,Herhangi bir oyuncu |@1| durumuna girdiğinde,@Null@
1030019,Çarpışma,Oyuncu,Herhangi bir oyuncu diğer oyuncularla/çetelerle çarpışır,@Null@
1030020,Öğe Al,Oyuncu,Herhangi bir oyuncu herhangi bir düşüşü alır,@Null@
1030021,Alana Gİr,Oyuncu,Herhangi bir oyuncu |@1|Saat girer,@Null@
1030022,Alandan Ayrıl,Oyuncu,Herhangi bir oyuncu|@1|Saat ayrılır,@Null@
1030023,Ekipman çubuğu değişiklikleri,Oyuncu,Herhangi bir oyuncunun ekipman çubuğu değişiklikleri,@Null@
1030024,Sırt Çantası Öğe Değişimi,Oyuncu,Herhangi bir oyuncunun sırt çantası envanteri değişiklikleri,@Null@
1030025,Hızlı envanter değişikliği,Oyuncu,Herhangi bir oyuncunun kısayol envanteri değişiklikleri,@Null@
1030026,Kısayol öğe çubuğunu seçin,Oyuncu,Herhangi bir oyuncu，kısayol çubuğunun herhangi bir seri numarasını seçer,@Null@
1030027,Eşya bırak,Oyuncu,Herhangi bir oyuncu öğeleri atar,@Null@
1030028,Zırhı giy,Oyuncu,Herhangi bir oyuncu ekipmanı koyar,@Null@
1030029,Zırhtan çık,Oyuncu,Herhangi bir oyuncu ekipmanı çıkarır,@Null@
1030030,Sohbet kutusu görüntüleme dizesi,Oyuncu,Sohbet kutusu ekranı|@1|,@Null@
1030031,Giriş dizesi,Oyuncu,Herhangi bir oyuncu sohbet kutusundan girer|@1,@Null@
1030032,Bas,Oyuncu,Herhangi bir oyuncu|@1|'e basar,@Null@
1030033,Uzun bas,Oyuncu,Herhangi bir oyuncu uzun basın|@1|,@Null@
1030034,Serbest bırak,Oyuncu,Herhangi bir oyuncu sürümü|@1|,@Null@
1030035,Durum efekti al,Oyuncu,Herhangi bir oyuncu durum efektini alır,@Null@
1030036,Durum efekti kaybet,Oyuncu,Herhangi bir oyuncu durum etkisini kaybeder,@Null@
1030037,Belirli durum efektini kaybet,Oyuncu,Herhangi bir oyuncu kaybeder|@1,@Null@
1030038,Seviye değişikliği,Oyuncu,Herhangi bir oyuncu seviyesi değişikliği,@Null@
1030039,Oyuncu sohbet bilgilerini girer (dize dahil),Oyuncu,Herhangi bir oyuncu sohbet kutusundan |@1| içeren bilgileri girer,Player sohbet kutusuna ve verildiğinde girdiğinde
1040001,Saldırıya uğrama,Yaratık,Herhangi bir yaratık hasar aldığında tetiklenir,
1040002,Saldırı,Yaratık,Herhangi bir yaratık saldırmaya başlar,
1040003,Saldırı vuruşu,Yaratık,Herhangi bir yaratık saldırısı，herhangi bir oyuncuya veya yaratığa çarpar,
1040004,bazı hasarlara neden olmak,Yaratık,Herhangi bir yaratık，herhangi bir oyuncuya veya yaratığa zarar verir,@Null@
1040005,Yaratık yenildi,Yaratık,Herhangi bir yaratık yenildiğinde,@Null@
1040006,Hedefi Yen,Yaratık,Herhangi bir yaratık，oyuncuyu veya diğer yaratıkları yener,@Null@
1040007,Yaratık Bölgeye giriyor,Yaratık,Herhangi bir yaratık |@1|,@Null@
1040008,Yaratık Bölgeden ayrılır,Yaratık,Herhangi bir yaratık|@1|Saat ayrılır,@Null@
1040009,Yaratık Hareket Durumu Değişimi,Yaratık,Herhangi bir yaratık |@1|,@Null@
1040010,Çarpışma,Yaratık,Herhangi bir yaratık，oyuncu veya diğer yaratıklarla çarpıştığında,@Null@
1040011,Öznitelik Değişimi,Yaratık,Herhangi bir yaratık|@1|Değişirken,@Null@
1040012,Oluştururken,Yaratık,Herhangi bir yaratık yaratılır,@Null@
1040013,Durum efekti al,Yaratık,Herhangi bir yaratık statü etkisi kazanır,@Null@
1040014,Durum efekti kaybet,Yaratık,Herhangi bir yaratık statü etkisini kaybeder,@Null@
1040015,Belirli durum efektini kaybet,Yaratık,Kaybedilen herhangi bir yaratık|@1,@Null@
1040016,Saldırıya uğradığında,Yaratık,Bu tür yaratıklar saldırıya uğradığında,@Null@
1040017,Saldırının başlangıcında,Yaratık,Bu tür yaratıklar saldırmaya başladığında,@Null@
1040018,Saldırı sırasında,Yaratık,Bu tür yaratık saldırdığında ve hedefi vurduğunda,@Null@
1040019,hasara neden olduğunda,Yaratık,Bu tür yaratıklar hedefe zarar verdiğinde,@Null@
1040020,yenildiğinde,Yaratık,Bu tür bir yaratık yenildiğinde,@Null@
1040021,Hedefi yenerken,Yaratık,Bu tür bir yaratık hedefi yendiğinde,@Null@
1040022,Eylem durumu değiştiğinde,Yaratık,Böyle yaratıklar girer|@1|,@Null@
1040023,çarpışmada,Yaratık,Bu tür yaratıklar oyuncularla veya diğer yaratıklarla çarpıştığında,@Null@
1040024,Mülk değiştiğinde,Yaratık,Böyle yaratıklar|@1|Ne zaman değişir,@Null@
1040025,Oluşturulduğunda,Yaratık,Böyle yaratıklar yaratıldığında,@Null@
1040026,Statü kazanırken,Yaratık,Bu tür bir yaratık herhangi bir statü kazandığında,@Null@
1040027,Statü kaybederken,Yaratık,Bu tür bir yaratık herhangi bir durumunu kaybettiğinde,@Null@
1040028,Oyuncu tarafından tıklandığında,Yaratık,Bu tür yaratık oyuncu tarafından tıklandığında,@Null@
1050001,Kazı tamamlandığında,Blok,Herhangi bir blok kazıldığında,@Null@
1050002,yerlebir edilmiş,Blok,Herhangi bir blok yok edildiğinde,@Null@
1050003,Blok Şarj Durumu,Blok,Herhangi bir blok anahtarı durumu değişikliği,@Null@
1050004,Depolama konteyneri aksesuarları değiştirildi,Blok,Herhangi bir saklama kabındaki aksesuarlar değiştirilir,@Null@
1050005,Oluşturuldu,Blok,Herhangi bir blok oluşturulur,@Null@
1050006,Konteynır yerleştirildiğinde,Blok,Herhangi bir saklama kabındaki aksesuarlar yerleştirildiğinde,@Null@
1050007,Konteynır çıkarıldığında,Blok,Herhangi bir saklama kabındaki aksesuarlar çıkarıldığında,@Null@
1050008,Kazılırken,Blok,Herhangi bir blok kazıldığında,@Null@
1050009,Kazı ile kesintiye uğradığında,Blok,Herhangi bir blok kazıldığında ancak yarıda iptal edildiğinde,@Null@
1050010,Kazılırken,Blok,Bu blok türü çıkarıldığında,@Null@
1050011,Kazı tamamlandığında,Blok,Bu tip blok kazıldığında,@Null@
1050012,Kazı ile kesintiye uğradığında,Blok,Bu tip bir blok kazıldığında ancak ortada iptal edildiğinde,@Null@
1050013,Yok edildiğinde,Blok,Bu tip blok yok edildiğinde,@Null@
1050014,Oluşturulduğunda,Blok,Bu tip blok oluşturulduğunda,@Null@
1050015,Anahtar durumu değiştiğinde,Blok,Bu tip bloğun anahtar durumu değiştiğinde,@Null@
1050016,Kazanıldığında,Blok,Bu tür bloklar oyuncular veya yaratıklar tarafından alındığında,@Null@
1050017,Oyuncu tarafından tıklandığında,Blok,Bu tür bir kutu oyuncu tarafından tıklandığında,@Null@
1060001,mermi isabeti,Öğe,Herhangi bir mermi herhangi bir oyuncuya，yaratığa veya bloğa çarpar,@Null@
1060002,Mermi alana giriyor,Öğe,Herhangi bir fırlatılan nesne |@1|Saat girer,@Null@
1060003,mermi alandan çıkıyor,Öğe,Ayrılmak için nesneleri fırlatmak|@1|时,@Null@
1060004,Düşen nesneler alana girer,Öğe,Herhangi bir düşüş |@1|ne zaman girer,@Null@
1060005,Düşen nesneler alandan ayrılır,Öğe,Herhangi bir düşüş kaldı |@1|时,@Null@
1060006,Düşen nesneler alınır,Öğe,Herhangi bir damla alınır,@Null@
1060007,Düşen nesneler kaybolur,Öğe,Herhangi bir damla kaybolur,@Null@
1060008,Mermi oluşturuldu,Öğe,Herhangi bir fırlatılabilir nesne oluşturulur,@Null@
1060009,Edinildiğinde,Öğe,Bu tür eşyalar oyuncular veya yaratıklar tarafından alındığında,@Null@
1060010,atıldığında,Öğe,Bu tür aksesuarlar atıldığında,@Null@
1060011,Kaybolduğunda,Öğe,Bu tür bir pervanenin düşüşü kaybolduğunda,@Null@
1060012,hasar gördüğünde,Öğe,Bu tür aksesuarlar hasar gördüğünde,@Null@
1060013,Hedefe vururken,Öğe,Bu tür aksesuarlar herhangi bir hedefi vurduğunda,@Null@
1060014,Oluşturulduğunda veya tüketildiğinde,Öğe,Bu tür aksesuarlar oluşturulduğunda veya tüketildiğinde,@Null@
1060015,tüketildiğinde,Öğe,Bu tür ürünler tüketildiğinde,@Null@
1060016,Açıldığında,Öğe,Bu tür paket aksesuarları açıldığında,@Null@
1060017,Giyildiğinde,Öğe,Bu tür ekipman destekleri takıldığında,@Null@
1060018,Çıkarıldığında,Öğe,Bu tür ekipman öğeleri çıkarıldığında,@Null@
1060019,Yok edildiğinde,Öğe,Bu tür ekipman öğeleri oyuncular veya yaratıklar tarafından yok edildiğinde,@Null@
1060020,Kullanıldığında,Öğe,Bu tür bir öğe oyuncu tarafından kullanıldığında,@Null@
1070001,Herhangi bir pozisyonda özel efektler oluşturulur,Özel efekt,Herhangi bir pozisyonda özel efektler oluşturulur,@Null@
1070002,Herhangi bir oyuncu üzerinde özel efektler oluşturulur,Özel efekt,Herhangi bir oyuncu üzerinde özel efektler oluşturulur,@Null@
1070003,Herhangi bir yaratık üzerinde özel efektler oluşturulur,Özel efekt,Herhangi bir yaratık üzerinde özel efektler oluşturulur,@Null@
1070004,Herhangi bir mermi özel efektleri oluşturulur,Özel efekt,Herhangi bir fırlatma nesnesi özel efektleri oluşturulur,@Null@
1080001,Bir yaratık tarafından alındığında,Durum,Bu tür bir durum bir yaratık tarafından elde edildiğinde,@Null@
1080002,Yaratıktan çıkarıldığında,Durum,Bu durum yaratıktan kaldırıldığında,@Null@
1080003,Oyuncu tarafından alındığında,Durum,Bu tür bir durum oyuncu tarafından alındığında,@Null@
1080004,Oyuncudan çıkarıldığında,Durum,Bu tür bir durum oyuncudan kaldırıldığında,@Null@
1090001,Bu tarif bittiğinde,Formül,Bu formül türü tamamlandığında,@Null@
1090002,Tarif tamamlandığında,Formül,Herhangi bir formül tamamlandığında,@Null@
1100001,Eritme başlangıcında,Eritmek,Herhangi bir eritmenin başlangıcında,@Null@
1100002,Eritme bittiğinde,Eritmek,Eritme ile herhangi bir çıktı elde edildiğinde,@Null@
1100003,Bu eritmenin başında,Eritmek,Bu tip eritmenin başlangıcında,@Null@
1100004,Bu eritme işlemi tamamlandığında,Eritmek,Bu tip eritme çıktısını aldığında,@Null@
1110001,Senaryonun başında,Hikaye,Herhangi bir planın başında,@Null@
1110002,Senaryonun sonunda,Hikaye,Herhangi bir planın sonunda,@Null@
1110003,Bu hikayenin başında,Hikaye,Bu bölümün başında,@Null@
1110004,Bu hikayenin sonunda,Hikaye,Bu bölümün sonunda,@Null@
1120001,Mevcut arayüzdeki herhangi bir düğme serbest bırakıldı,Arayüz,Mevcut arayüzdeki herhangi bir düğme serbest bırakıldı,@Null@
1120002,Mevcut düzenleme arayüzü açıldığında,Arayüz,Mevcut düzenleme arayüzü açıldığında,@Null@
1120003,Mevcut düzenleme arayüzü kapatıldığında,Arayüz,Mevcut düzenleme arayüzü kapatıldığında,@Null@
1120004,Geçerli arayüzdeki herhangi bir düğmeye basıldığında,Arayüz,Geçerli arayüzdeki herhangi bir düğmeye basıldığında,@Null@
1120005,Herhangi bir oyuncu herhangi bir dize girdiğinde,Arayüz,Herhangi bir oyuncu herhangi bir dize girdiğinde,@Null@
1120006,Geçerli arayüz atama düğmesi yayınlandı,arayüz,|@1| mevcut arayüzün yayınlandı,
1120007,"Mevcut arayüz, düğmeye basıldığını belirtir",arayüz,|@1| mevcut arayüze basıldığında,
1120008,"Oyuncu, mevcut arayüzün metin kutusuna herhangi bir içerik girdiğinde",arayüz,Oyuncunun herhangi bir içeriğini girin |@1| geçerli arayüzde,
1130001,Herhangi bir müzik çalmaya başlar,Ses efekti,Herhangi bir müzik çalmaya başlar,@Null@
1140001,Herhangi bir oyuncu yerel haritadan 1 aylık üyelik satın alır.,geliştirici,Herhangi bir oyuncu yerel haritadan 1 aylık üyelik satın alır.,
1140002,Herhangi bir oyuncu yerel haritadan 3 aylık üyelik satın alır.,geliştirici,Herhangi bir oyuncu yerel haritadan 3 aylık üyelik satın alır.,
1140003,Herhangi bir oyuncu geliştirici mağazası öğelerini satın alır veya çıkarır,geliştirici,Herhangi bir oyuncu geliştirici mağazası öğelerini satın alır veya çıkarır,
2010001,Sayısal Karşılaştırma,Matematik,@1||@2||@3|,@Null@
2010002,Rastgele Sayı,Matematik,@1||@2||@3|,@Null@
2010003,Max. yada Min.,Matematik,@1||@2||@3|,@Null@
2010004,Tam bölümü,Matematik,@1||@2||@3|,@Null@
2010005,Konumun Koordinat Değeri,Matematik,@1||@2||@3|,@Null@
2010006,Konum ve Konum Arasındaki Yatay Açı,Matematik,@1||@2||@3|,@Null@
2010007,Konum ve Konum Arasındaki Dikey Açı,Matematik,@1||@2||@3|,@Null@
2010008,Üssel,Matematik,@1||@2||@3|,@Null@
2010009,Kök çıkarmak,Matematik,@1||@2||@3|,@Null@
2010010,Mutlak değer,Matematik,@1||@2||@3|,@Null@
2010011,Trigonometrik fonksiyon,Matematik,@1||@2||@3|,@Null@
2010012,Yuvarlatma,Matematik,@1||@2||@3|,@Null@
2010013,Açıyı Radyan'a Dönüştür,Matematik,@1||@2||@3|,@Null@
2010014,.ve.,Matematik,@1||@2||@3|,@Null@
2010015,.veya.,Matematik,@1||@2||@3|,@Null@
2010016,Özel veya,Matematik,@1||@2||@3|,@Null@
2010017,.değil.,Matematik,@1||@2||@3|,@Null@
2010018,Rastgele değer karşılaştır,Matematik,@1||@2||@3|,@Null@
2010019,.ve. (Yeni),Matematik,@1| и |@2|,@Null@
2010020,.veya. (Yeni),Matematik,@1| или |@2|,@Null@
2010021,özel veya (Yeni),Matematik,Не |@1|,@Null@
2020001,Oyun İçi Zaman,Oyun,@1||@2||@3|,@Null@
2020002,Oyunda oyuncu sayısı,Oyun,@1||@2||@3|,@Null@
2020003,Hava Durumu Belirle,Oyun,@1||@2||@3|,@Null@
2020004,Yerçekimini Belirle,Oyun,@1||@2||@3|,@Null@
2030001,Takım Özelliği,Takım,@1||@2||@3|,@Null@
2040001,Oyuncu Özniteliği,Oyuncu,@1||@2||@3|,@Null@
2040002,Oyuncunun Sahip Olduğu öğe Sayısı,Oyuncu,@1||@2||@3|,@Null@
2040003,Oyuncu Kimliğini Belirle,Oyuncu,@1||@2||@3|,@Null@
2040004,Oyuncu Takımı,Oyuncu,@1||@2||@3|,@Null@
2040005,Bireysel Oyuncuyu Belirle,Oyuncu,@1||@2||@3|,@Null@
2040006,Oyuncu Bakış Açısı,Oyuncu,@1||@2||@3|,@Null@
2040007,Oyuncu grubunda olma kararı,Oyuncu,When |@1||@2| is in |@3|,@Null@
2040008,Bölgedeki yargı,Oyuncu,When |@1||@2| is in |@3|,@Null@
2040009,Oyuncu durumu değerlendirmesi,Oyuncu,When |@1||@2| is in |@3|,@Null@
2040010,Emojiyi Belirle,Oyuncu,When |@1||@2| is |@3|,@Null@
2040011,Oyuncu Ayarı,Oyuncu,When |@1||@2| is |@3|,@Null@
2040012,Kısayol Çubuğunu Seçin,Oyuncu,@1||@2||@3|,@Null@
2040013,Elde taşınır cihaz türünü belirle,Oyuncu,@1||@2||@3|,@Null@
2040014,Ekipman çubuğunu belirle,Oyuncu,@1||@2||@3|,@Null@
2040015,Oyuncunun ekipmanı giyip giymediğini belirle,Oyuncu,@1||@2| носит |@3|,@Null@
2040016,Oyuncu Görünüm belirleyin,Oyuncu,@1||@2||@3|,@Null@
2050001,Oyuncu Setindeki Oyuncu Sayısı,Oyuncu grubu,@1||@2||@3|,@Null@
2050002,Oyuncu setide Oyuncu Kimliği,Oyuncu grubu,@1||@2||@3|,@Null@
2050003,Oyuncu setide Belirli Oyuncu Kimliği seç,Oyuncu grubu,@1||@2||@3|,@Null@
2060001,Yaratık Özniteliği,Yaratık,@1||@2||@3|,@Null@
2060003,Biyolojik grupta olma yargısı,Yaratık,When |@1||@2| is in |@3|,@Null@
2060004,Biyolojik Tip Yargısı,Yaratık,@1||@2||@3|,@Null@
2060005,Biyolojik Bireysel Yargı,Yaratık,@1||@2||@3|,@Null@
2060006,biyolojik bakış açısı,Yaratık,@1||@2||@3|,@Null@
2060007,Bölgedeki yargı,Yaratık,When |@1||@2| is in |@3|,@Null@
2060008,Biyolojik Durum Kararı,Yaratık,When |@1||@2| is in |@3|,@Null@
2060009,Biyolojik Takım Kararı,Yaratık,@1||@2||@3|,@Null@
2060010,Biyolojik grupta biyolojik sayının yargılanması,Yaratık,@1||@2||@3|,@Null@
2060011,Biyolojik ayar yargısı,Yaratık,When |@1||@2| is |@3|,@Null@
2060012,Biyolojik görünüm yargısı,Yaratık,@1||@2||@3|,@Null@
2070001,Biyolojik gruptaki organizma sayısı,Yaratık grubu,@1||@2||@3|,@Null@
2070002,Biyolojik grupta belirtilen sayıya sahip organizma,Yaratık grubu,@1||@2||@3|,@Null@
2080001,Düşen nesnelerin sayısının değerlendirilmesi,Öğe,@1||@2||@3|,@Null@
2080002,Düşüş Bölgesinde,Öğe,When |@1||@2| is in |@3|,@Null@
2080003,Öğe türü kararı,Öğe,@1||@2||@3|,@Null@
2080004,Mermi bölgede,Öğe,When |@1||@2| is in |@3|,@Null@
2090001,Pozisyonlar arası mesafe,Blok,@1||@2||@3|,@Null@
2090002,Blok Türünü Belirle,Blok,@1||@2||@3|,@Null@
2090003,Blok anahtarı Durumu,Blok,@1||@2||@3|,@Null@
2090004,Hangi Bölgede Belirle,Blok,When |@1||@2| is in |@3|,@Null@
2090005,Blok Yüzü Yönü,Blok,Block in |@1| facing |@2| is |@3|,@Null@
2090006,Belirli Konumda Blok Türünü Seçin,Blok,Block in |@1| |@2| is |@3|,@Null@
2090007,Blok Ayarı,Blok,When |@1|'s |@2| is |@3|,@Null@
2100001,Kronometre süresini belirleme,Alet,@1||@2||@3|,@Null@
2100002,Boole Karşılaştırma,Alet,@1||@2||@3|,@Null@
2100003,Karakter Dize Karşılaştırması,Alet,@1||@2||@3|,@Null@
2100004,Müzik türünü belirleme,Alet,@1||@2||@3|,@Null@
2100005,Sunucu tablosundan elde edilen değeri kullanarak belirleyin,Alet,Determine |@1| using the value obtained from the server table or leaderboard,"1. Tablodan veya lider tablosundan değeri alma eylemini üstlenin
2. Tetikleyicinin tüm parametreleri (etkinlik oyuncularını tetikleme，etkinlik yaratıklarını tetikleme vb.)"
2100006,Oyuncunun üyeliğini değerlendirmek,alet,@1| |@2| Mini Dünya üyeleri |@3,
2110001,Belirli Oyuncu Araçları,Makine,@1||@2||@3|,@Null@
2120001,Özel efekt değerlendirir,Özel efekt,@1||@2||@3|,@Null@
2130001,Reklamı Oynat ve değlendir,Oynat,Şu anda oynatılan reklam |@1| olarak değerlendiriliyor,@Null@
2140001,Durum etkisini belirle,Durum,@1||@2||@3|,@Null@
2150001,bileşen yargı,Arayüz,@1||@2||@3|of|@4|,@Null@
2150002,sayfa kararı,Arayüz,@1||@2||@3|,@Null@
3010001,Küresel hava modunu değiştir,Dünya,Küresel hava durumu modunu | @ 1 olarak değiştirin,
3010002,Zamanı değiştir,Dünya,Geçerli saati |@1| olarak değiştirin,@Null@
3010003,Yerçekimini Değiştir,Dünya,Geçerli yerçekimini |@1| olarak değiştirin,@Null@
3010004,Oyun Ortası Katılım İzni,Dünya,Oyun ortası birleştirmeyi |@1| olarak ayarla,@Null@
3010013,Arazi grubu havasını değiştir,Dünya,Değiştir |@1| hava durumu |@2,
3020001,Tetikleyici İşlet,Tetikleyici,@1|'i çalıştırın，koşulun |@2| olup olmadığını kontrol edin，ardından işlemi çalıştırın,@Null@
3020002,Döngü tetikleyici,Tetikleyici,@1|’den |@2|’e，sonra |@3|’i çalıştırın,@Null@
3020003,Tetikleme Durumunu Değiştir,Tetikleyici,@1| durumunu |@2| olarak değiştir,@Null@
3020004,Tetikleme Kümesi Durumunu Değiştir,Tetikleyici,@1| durumunu |@2| olarak değiştir,@Null@
3040001,Blok Oluştur,Blok,@1| üzerinde |@2| oluşturun，|@3|'e bakacak şekilde,@Null@
3040002,Bloğu Kaldır,Blok,@1|'teki Blokları Temizle,@Null@
3040003,Bloğu Değiştir,Blok,@1| ile |@2| arasındaki Bloğu değiştirin，|@3|'e bakacak şekilde,@Null@
3040004,Açma- Kapama Durumu Değiştir,Blok,@1| bloğunun Açma-Kapama durumunu |@2| olarak değiştirin,@Null@
3040005,Blok anahtarını Değiştir,Blok,@1|'in |@2| kurulumunu |@3| olarak değiştirin,@Null@
3040006,Bölgeyi Bloklarla Doldur,Blok,@1|’yi |@2| ile doldurun，|@3|’e bakacak şekilde,@Null@
3040007,Bölgedeki Bloğu Kaldır,Blok,@1|'yi |@2| ile temizle,@Null@
3040008,Bloğu alana kopyalayın ve belirtilen noktaya yerleştirin,Blok,Tüm blokları |@1| içine kopyalayın，|@2| içine yerleştirin ve |@3|'e dönük,@Null@
3040009,Alan değiştirme bloğu,Blok,@2|’ı |@1| içinde |@3| olarak değiştirin，|@4|’e bakacak şekilde,@Null@
3040010,bloğu yok et,Blok,@1| üzerindeki bloğu kır,@Null@
3050001,oyuncuyu yen,Oyuncu,@1|'i Yendi,@Null@
3050002,Belirtilen noktaya dirilt,Oyuncu,@1| ile |@2| arasında yeniden doğma,@Null@
3050003,Oyuncunun diriliş noktasının konumunu değiştirin,Oyuncu,@1|'ın ortaya çıkış noktasını |@2| olarak değiştirin,@Null@
3050004,Özellikleri ayarla,Oyuncu,@1|’in |@2|'ten |@3|’e ayarını yapın,@Null@
3050005,Durum efektini al,Oyuncu,@1|，|@2| efekti elde eder，|@3| kalır，|@4| saniye boyunca,@Null@
3050006,Durum efektini kaldır,Oyuncu,@1|'in |@2| efektini kaldır,@Null@
3050007,Oyuncu ayarları anahtarını değiştir,Oyuncu,@1|'in |@2| ayarlarını |@3| olarak ayarlayın,@Null@
3050008,Oyuncuyu kaldır,Oyuncu,Mevcut oyundan ayrılmak için |@1| kurulumu,@Null@
3050009,Oyunu izlemek için oyuna katılın,Oyuncu,Oyunu izlemek için |@1|'e katıl,@Null@
3050010,Oyuncu takımını değiştir,Oyuncu,@1|'in takımını |@2| olarak değiştir,@Null@
3050011,Oyuncu pozisyonunu değiştir,Oyuncu,@1|'nin geçerli konumunu |@2| olarak değiştirin,@Null@
3050012,Oyuncu yönünü değiştir,Oyuncu,@1|’in |@2| ’e dönük tarafını,@Null@
3050013,Oyuncunun kamera ofsetini değiştirin,Oyuncu,@1|'in kamera ofsetini Yaw |@2| ve Pitch |@3| olarak değiştirin,@Null@
3050014,Oyuncunun kamera ofsetini değiştirin,Oyuncu,Aksesuarlar|@1||@2|bire|@3|Sırt çantası ekle,@Null@
3050016,Oyuncunun sırt çantasına öğeler ekleyin,Oyuncu,@1|’in |@2||@3|'ini atın,@Null@
3050017,Oyuncunun sırt çantasındaki eşyaları atın,Oyuncu,@1|’in |@2||@3|'ini silin,@Null@
3050018,Oyuncunun sırt çantasındaki aksesuarları yok edin,Oyuncu,@2| sürüşünü |@1| yap，konum kimliği |@3|,@Null@
3050019,binicilik araç,Oyuncu,@1|'i geçerli araçtan terk et,@Null@
3050020,Monte edilmiş araçtan ayrıldı,Oyuncu,@1|’in görünümünü |@2| olarak değiştirin ve |@3|'i kilitleyin,@Null@
3050021,Perspektifi değiştir,Oyuncu,Otomatik pilot modunda |@1| ile aracı sürün,@Null@
3050022,Oyuncu otomatik pathfinding,Oyuncu,Geçerli konumdan |@2|’e |@1| otomatik yol bulma işlemini yapın，oyuncu |@3|'i çalıştırır,Tetik，belirli bir aralığı aşan bir mesafe sınırına sahiptir (yaklaşık 32 blok) tetiklenememesine neden olur.
3050023,Otomatik yön bulma,Oyuncu,@1|'i kazanın,@Null@
3050024,oyuncuyu kazan,Oyuncu,Play |@1| for |@2,Animasyonlu İfade Parametre Giriş Değeri Aralığı 1-20 Karakter İşlem 1-10 Genel Eylem 11-20
3050025,Oynatıcıyı hareketli bir emoji oynatması için tetikleyin,Oyuncu,Yüzen metni |@1| olarak göster，gösterilen metin |@2|,@Null@
3050026,Oynatıcıya cumbalı pencere metnini göster,Oyuncu,@1|'in öğe seçmek için kısayol çubuğunu kullanmasını sağlayın,@Null@
3050027,Kısayol çubuğu aksesuarlarını kullanın,Oyuncu,|@1|'a sohbet pencere bilgilerini görüntüle，içerik|@2|,@Null@
3050028,Oyunculara sohbet kutusu bilgilerini göster,Oyuncu,Ayar:|@1|’in |@2|'i bırakılamaz : |@3|,@Null@
3050029,Belirtilen öğeler bırakılamaz,Oyuncu,Ayar:|@1|’in |@2|'i düşülemez: |@3|,@Null@
3050030,Oyuncuyu yönde hareket ettirin,Oyuncu,@1|'i |@2| yönünde hareket ettirin，hız |@3|,@Null@
3050031,Değiştirme durumu etkisi,Oyuncu,@2|'deki |@1|'i |@3| ile değiştirin ve |@4| sonsuza kadar sürer，|@5| saniye sürer,@Null@
3050032,Oyuncuları ekipmana koyun,Oyuncu,sırt çantası içinde |@2| koymak |@1| yapsın,@Null@
3050033,Oyuncunun ekipmanı çıkarmasını sağlayın,Oyuncu,@1| |@2|'yi çıkarsın ve sırt çantasına koysun,@Null@
3050034,Ekipman oluştur,Oyuncu,@2| ekipman çubuğunda |@1| oluşturun,@Null@
3050035,Ekipmanı yok et,Oyuncu,@1||@2|'deki ekipmanı yok et,@Null@
3050036,Oyuncunun görünümünü değiştir,Oyuncu,Değişim görünümü |@1| için |@2|,@Null@
3050037,Oyuncu görünümünü geri yükle,Oyuncu,|@1|'in ilk görünümünü geri yükle,@Null@
3050040,Oyuncunun oyuncuya zarar vermesine neden olur,Oyuncu,|@1|to|@2||@3| hasara neden olur，hasar türü|@4|,"1. Hurt kaynağını bir oyuncu olarak alabilirsiniz，hasarın zararını göstereceksiniz.
2. Savaş hasarı，uzaktan yaralanma，patlama hasarı varsayılan olarak 5 hasar değerine göre，son zarar değerini savunmaya göre hesaplayacaktır.
3. İlgili olayların tetiklenmesi (oyuncular hasara neden olur，oyuncular zarar görür)，ancak oyuncuların saldırısını tetiklemeyecek，saldırı ve orta olaylar"
3050041,Oyuncuların çetelere zarar vermesine neden olur,Oyuncu,|@1|to|@2||@3| hasara neden olur，hasar türü|@5|,"1. Hurt kaynağını bir oyuncu olarak alabilirsiniz，hasarın zararını göstereceksiniz.
2. Savaş hasarı，uzaktan yaralanma，patlama hasarı varsayılan olarak 5 hasar değerine göre，son zarar değerini savunmaya göre hesaplayacaktır.
3. İlgili olayların tetiklenmesi (oyuncular hasara neden olur，oyuncular zarar görür)，ancak oyuncuların saldırısını tetiklemeyecek，saldırı ve orta olaylar"
3050042,Oyuncunun bölgedeki hedeflere zarar vermesine neden olur,Oyuncu,|@1|'in |@2| içindeki tüm hedeflere |@3| hasar vermesine neden olur，hasar türü |@4|,"1. Herkese zarar verir (kendiniz dahil)，bir oyuncu olarak hasar kaynağını alabilirsiniz，hasarın zararını gösterecektir.
2. Savaş hasarı，uzaktan yaralanma，patlama hasarı varsayılan olarak 5 hasar değerine göre，son zarar değerini savunmaya göre hesaplayacaktır.
3. İlgili olayları tetikleyin (örneğin oyuncular hasara，oyunculara，biyoloji hasarlarına vb. Neden olur)，ancak oyuncuların saldırısını tetiklemeyecek，saldırı olaylarını vurgulayacak"
3050043,Oyuncu adını değiştir,Oyuncu,Change name of |@1| to |@2,@Null@
3050044,Oyuncuların hareket şeklini değiştirin,Oyuncu,|@1|'in mobil modunu |@2| olarak ayarlayın,Karakter topraklarından sonra，uçuş devleti iptal edilecek ve eylemin tekrar tetiklenmesi gerekiyor
3050045,Oyuncuyu izleyici modundan çıkarın,Oyuncu,Yap|@1|İzleyici modundan çık,@Null@
3050046,Oyuncunun bağışıklık hasarı türünü ayarlayın,Oyuncu,|@1|Bağışıklık hasar türünü|@2| olarak ayarla,@Null@
3050047,Oyuncunun bağışıklık hasarı türü kaldırıldı,Oyuncu,Kaldır|@1|Hasar türüne karşı bağışıklı|@2|,@Null@
3050048,Oyuncunun kamerasını sallayın,Oyuncu,Evet|@1|Kamerayı sallayın，kalıcı|@2|saniye，yoğunluk|@3|,@Null@
3050049,Oyuncunun kamera sallanmasını durdur,Oyuncu,Stop |@1| screen shake,@Null@
3060001,Oyuncu grubuna oyuncu ekle,Oyuncu grubu,@2|'e |@1| ekle,@Null@
3060002,Oyuncu grubundan bir oyuncuyu çıkarın,Oyuncu grubu,@1|’i |@2|'den kaldır,@Null@
3060003,Oyuncu grubunu temizle,Oyuncu grubu,@1|temizle,@Null@
3060004,Oyuncu grubunda tetikleyiciyi çalıştır,Oyuncu grubu,@1|'deki her oyuncuya |@2| uygulayın ve tetikleme koşulunu |@3| olarak kontrol edin,@Null@
3060005,Oyuncu grupları için sohbet kutusu bilgilerini göster,Oyuncu grubu,Her oyuncuya sohbet bilgilerini |@1| olarak göster. İçerik |@2|,@Null@
3060006,Oyuncu gruplarına cumbalı metin göster,Oyuncu grubu,Her oyuncuya kayan penceredeki metni |@1| olarak gösterin. İçerik |@2|,@Null@
3070001,yaratık yarat,Yaratık,@1| içinde |@2| |@3| oluşturun，|@4| takımına ait,@Null@
3070003,yaratığı yen,Yaratık,@1|'i Yendi,@Null@
3070004,Yaratığı kaldır,Yaratık,@1|'i kaldır,@Null@
3070005,Yaratık türünü yen,Yaratık,@1|'i öldür,@Null@
3070006,Yaratık türünü kaldır,Yaratık,@1|'i kaldır,@Null@
3070007,Özellikleri ayarla,Yaratık,@1|’in |@2|'i |@3| olarak ayarlayın,@Null@
3070008,Hasar türünü ayarla,Yaratık,@1|'in hasar tipini |@2| olarak ayarlayın,@Null@
3070009,Bağışıklık hasarı türünü ayarla,Yaratık,@1|'in bağışıklık hasarını |@2| olarak ayarlayın,@Null@
3070010,Biyolojik ayarlar düğmesini değiştir,Yaratık,@1|'in |@2| kurulumunu |@3| yap,@Null@
3070011,Yaratıkların animasyonlu ifadeler oynamasını sağlayın,Yaratık,@1|'nin |@2| oynatmasını sağlayın,Animasyonlu İfade Parametre Giriş Değeri Aralığı 1-20 Karakter İşlem 1-10 Genel Eylem 11-20
3070012,Durum efektini al,Yaratık,@1|'in |@2| efekti elde etmesini sağlayın,@Null@
3070013,Durum efektini kaldır,Yaratık,@1|'in |@2| efektini kaldır,@Null@
3070014,Biyolojik yönü değiştirmek,Yaratık,@1| 'i |@2| derece yönüne bakan tetik olayında ayarlayın (Z yönü 0 derecedir),@Null@
3070015,Yaratığın konumunu değiştir,Yaratık,@1|'in konumunu |@2| olarak değiştir,@Null@
3070016,Oluşturma Otomatik Pathfinding,Yaratık,Otomatik yol bulma: |@1| geçerli konumundan |@2| konumuna,Tetik，belirli bir aralığı aşan bir mesafe sınırına sahiptir (yaklaşık 32 blok) tetiklenememesine neden olur.
3070017,Yaratığı yöne doğru hareket ettirin,Yaratık,@1|'in |@2|’e doğru hareket etmesini sağlayın，hız |@3|’dir,@Null@
3070018,yaratıkların görünümünü değiştir,Yaratık,@1| görünümünü değiştirme için |@2,@Null@
3070019,yaratıkların görünümünü geri yükleyin,Yaratık,|@1|'in ilk görünümünü geri yükle,@Null@
3070022,Çetelerin oyuncuya zarar vermesine neden olur,Yaratık,|@1|için|@2||@3| hasara neden olur，hasar türü|@4|,"1. Hasar kaynağını biyolojik olarak alabilirsiniz，yüzen hasarı göstereceksiniz
2. Hasarın son değeri savunmaya göre hesaplanacaktır.
3. İlgili bir olayı (biyolojik hasar，biyolojik zarar vb. Gibi) tetikler，ancak biyolojik bir saldırıyı tetiklemeyecek，saldırgan diğer olaylara çarptı"
3070023,Yaratıkların yaratıklara zarar vermesine neden olur,Yaratık,|@1|için|@2||@3| hasara neden olur，hasar türü|@4|,"1. Hasar kaynağını biyolojik olarak alabilirsiniz，yüzen hasarı göstereceksiniz
2. Hasarın son değeri savunmaya göre hesaplanacaktır.
3. İlgili bir olayı (biyolojik hasar，biyolojik zarar vb. Gibi) tetikler，ancak biyolojik bir saldırıyı tetiklemeyecek，saldırgan diğer olaylara çarptı"
3070024,Yaratıkların bölgedeki hedeflere zarar vermesine neden olur,Yaratık,Nedenleri |@1| anlaşma |@3| Hedefe hasar Verildi |@2|，hasar tipidir. |@4,"1. Herkese zarar verebilir (kendiniz dahil)，biyolojik olarak zarar kaynağını elde edebilirsiniz，hasarın zararını gösterecek
2. Son hasar değerini savunmaya göre hesaplayın
3. İlgili olayları tetikleyen (biyolojik hasar，biyolojik hasar vb.)，Ancak biyolojik bir saldırıyı tetiklemeyecek，saldırı ve orta olaylar"
3070025,Yedek yaratık,Yaratık,Replace |@1| with |@2|，using previous creature HP percentage |@3,"1. Yaratığın grafik bilgilerini değiştirin
2. Biyolojik ekibin sabitini değiştirdikten sonra
3. Biyolojik değişken de değişecektir，örneğin: örneğin biyolojik bir değişim，B organizmasına değiştirme，değişkenin değeri biyolojik değişkenleri etkilemeden，biyolojik değişkenleri (yalnızca biyolojik değişkeni etkileyen) bir biyolojik olarak değiştirilir)"
3070026,Biyolojik ekibin değiştirilmesi,Yaratık,Change |@1| team to |@2,@Null@
3070027,Yaratık bağışıklığı hasar türü kaldırıldı,Yaratık,Remove |@1| Immune to damage type to |@2,@Null@
3080001,Yaratık grubuna bir yaratık ekle,Yaratık grubu,Belirlenen seti |@1|'e |@2| ekle,@Null@
3080002,Yaratığı yaratık grubundan kaldır,Yaratık grubu,@1|’i |@2|'den kaldır,@Null@
3080003,Boş yaratık grubu,Yaratık grubu,@1|temizle,@Null@
3080004,Yaratık grubunda tetikleyici yürüt,Yaratık grubu,Her yaratığa |@1|'de |@2| uygulayın ve tetikleme koşulunu |@3| olarak kontrol edin,@Null@
3100001,Saklama kutusu için sahne oluşturun,Öğe,Belirtilen |@3| depolamaya |@1||@2| oluşturma,@Null@
3100002,Saklama kutusundaki aksesuarları yok et,Öğe,@2| |@3|'i belirtilen |@1| depolama alanından temizleyin,@Null@
3100003,Saklama kutusunu boşaltmak için aksesuarlar,Öğe,Tüm öğeleri belirlenmiş |@1| depolama alanından temizleyin,@Null@
3100004,Atış Oluştur,Öğe,Belirtilen |@1|’de |@2| oluşturun，|@3|'ye doğru başlayın,@Null@
3100005,Oyuncuya ait atılabilir bir nesne oluşturun,Öğe,Belirtilen |@1|’de |@2|’e ait olan |@3|’i oluşturun，|@4|'e doğru başlayın,@Null@
3100006,Atışları Yok Et,Öğe,@1| Temizle,@Null@
3100007,Bir damla oluştur,Öğe,Belirtilen |@1|'de |@2| |@3| düşen öğeleri oluşturma,@Null@
3100008,Damlaları yok et,Öğe,@1|temizle,@Null@
3100009,Soğutma süresini değiştirin,Öğe,@1|’in |@2| CD'sini |@3| saniyeye ayarlayın,@Null@
3100010,Soğutma süresini girin,Öğe,@1|’in |@2|'in bekleme süresini girme süresi,@Null@
3100011,Yaratıklara ait mermiler oluşturun,Öğe,Belirtilen |@1| içinde |@2|’e ait olan |@3|’i oluşturun，|@4|'e doğru başlayın,@Null@
3100012,Oyuncunun mermi fırlatmasına neden olur,Öğe,@1|'i |@2|’e doğru |@3| başlatmasını sağlayın,@Null@
3100013,Yaratıkların mermi fırlatmasına neden olur,Öğe,@1|'i |@2|’e doğru |@3| başlatmasını sağlayın,@Null@
3100014,Sahne görünümünü değiştirin,Öğe,Değişim görünümü |1@| için |@2,@Null@
3100015,Merminin görünümünü değiştir,Öğe,Değişim görünümü |1@| için |@2,@Null@
3110001,Geri sayım sayacını çalıştırıyor,Kronometre,@1| işlet，geri sayım |@2| saniye，kronometre |@3| olarak tekrarlayın,@Null@
3110002,İleri zamanlayıcıyı çalıştır,Kronometre,@1| gerçekleştir,@Null@
3110003,Zamanlayıcıyı duraklat,Kronometre,@1| duraklat,@Null@
3110004,Zamanlayıcıyı devam ettir,Kronometre,@1| devam et,@Null@
3110005,Zamanlayıcıyı durdur,Kronometre,@1|'i durdur,@Null@
3110006,bekleme süresi,Kronometre,@1| saniye bekleyin，bir sonraki işlemi gerçekleştirmeye devam edin,@Null@
3110007,Zamanlayıcıyı değiştir,Kronometre,@1|’i |@2| saniye'ye değiştir,@Null@
3110009,Zamanlayıcı penceresini göster,Kronometre,@1| panelini |@2| olarak göster，başlık |@3|,@Null@
3110010,Zamanlayıcı penceresini gizle,Kronometre,@2| panelini |@1|'e gizle,@Null@
3120001,Konumu ayarla,Ata,@1|'i |@2| olarak ayarla,@Null@
3120002,Alanı ayarla,Ata,@1|'i |@2| olarak ayarla,@Null@
3120003,Değer ayarla,Ata,@1|'i |@2| olarak ayarla,@Null@
3120004,Boole değerini ayarla,Ata,@1|'i |@2| olarak ayarla,@Null@
3120005,Oyuncuları ayarla,Ata,@1|'i |@2| olarak ayarla,@Null@
3120006,Blok türünü ayarla,Ata,@1|'i |@2| olarak ayarla,@Null@
3120007,Pervane türünü ayarla,Ata,@1|'i |@2| olarak ayarla,@Null@
3120008,yaratıkları ayarla,Ata,@1|'i |@2| olarak ayarla,@Null@
3120009,Yaratık türünü ayarla,Ata,@1|'i |@2| olarak ayarla,@Null@
3120010,Dize ayarla,Ata,@1|'i |@2| olarak ayarla,@Null@
3120011,Özel efekt türünü ayarla,Ata,@1|'i |@2| olarak ayarla,@Null@
3130001,Pozisyonda özel efekt oyna,Özel efekt,@1|üzerinde |@2|oyna，boyutu|@3|,@Null@
3130002,Oyuncular için özel efekt oyna,Özel efekt,@1|üzerinde |@2|oyna，boyutu|@3|,@Null@
3130003,Yaratık için özel efekt oyna,Özel efekt,@1|üzerinde |@2|oyna，boyutu|@3|,@Null@
3130004,Mermi için özel efekt oyna,Özel efekt,@1|üzerinde |@2|oyna，boyutu|@3|,@Null@
3130005,Konumdaki özel efektleri sil,Özel efekt,@1| üzerindeki |@2|'i sil,@Null@
3130006,Oyunculardaki özel efektleri sil,Özel efekt,@1| üzerindeki |@2|'i sil,@Null@
3130007,Yaratıklar üzerindeki özel efektleri sil,Özel efekt,@1| üzerindeki |@2|'i sil,@Null@
3130008,Mermi üzerindeki özel efektleri sil,Özel efekt,@1| üzerindeki |@2|'i sil,@Null@
3130009,Konumun özel efektlerinin boyutunu değiştir,Özel efekt,@1|üzerindeki |@2| 'i değiştirin. Boyut |@3|,@Null@
3130010,Oyuncuların özel efektlerinin boyutunu değiştir,Özel efekt,@1|üzerindeki |@2| 'i değiştirin. Boyut |@3|,@Null@
3130011,Yaratığın özel efektlerinin boyutunu değiştir,Özel efekt,@1|üzerindeki |@2| 'i değiştirin. Boyut |@3|,@Null@
3130012,Merminin özel efektlerinin boyutunu değiştir,Özel efekt,@1|üzerindeki |@2| 'i değiştirin. Boyut |@3|,@Null@
3140012,Oyuncular ses efektlerini açar,Ses efekti,@1| |@2| oynatıyor，ses |@3|，anahtar |@4|，döngü oynatma |@5|,@Null@
3140013,Yaratıklar ses efektlerini açar,Ses efekti,@1| |@2| oynatıyor，ses |@3|，anahtar |@4|，döngü oynatma |@5|,@Null@
3140014,Konumdaki ses efektlerini aç,Ses efekti,@1| |@2| oynatıyor，ses |@3|，anahtar |@4|，döngü oynatma |@5|,@Null@
3140015,Oynatıcıların ses efektlerini kapatın,Ses efekti,@1|’de oynanan |@2|'i kapatın,@Null@
3140016,Yaratığın ses efektlerini kapatın,Ses efekti,@1|’de oynanan |@2|'i kapatın,@Null@
3140017,Konumun ses efektlerini kapatın,Ses efekti,@1|’de oynanan |@2|'i kapatın,@Null@
3140018,Oynatıcı grubuna ses efektlerini aç,Ses efekti,@1| |@2| oynatıyor，ses |@3|，anahtar |@4|，döngü oynatma |@5|,@Null@
3140019,Oynatıcılara ses efektlerini aç,Ses efekti,@1| |@2| oynatıyor，ses |@3|，anahtar |@4|，döngü oynatma |@5|,@Null@
3140020,Oynatıcı grubuna ses efektlerini kapatın,Ses efekti,@1|'de oynanan |@2|’i kapatın,@Null@
3140021,Oynatıcılara ses efektlerini kapatma,Ses efekti,@1|'de oynanan |@2|’i kapatın,@Null@
3140022,Oyuncuya arabirim müziği oynatın,Ses efekti,@1| Oynat |@2|，Hacim |@3|，döngü oynatma |@4|,"Bu tetikleyici tarafından oynanan ses，""ses efekti"" şalteri tarafından oynatıcı tarafından ayarlanan ""ses efekti"" ile kontrol edilir ve sesin ""ses efektini"" kapattıktan sonra duyulmaz."
3140023,Duraklat / Oynatıcı Arayüz Müzik,Ses efekti,@1||@2| Müzik çalınıyor,@Null@
3150001,Senaryoyu Çalıştırın,Senaryo,@1|Senaryoyu çalıştırın,@Null@
3160001,Oyun adı (eski),geliştirici,"|@1| için reklamı oynatmak için, reklam alanı adını |@2| olarak ayarlayın ve |@3 'ü çalıştırın",
3160002,Geliştirici mağazasını açın (eski),geliştirici,Yapmak |@1| geliştirici mağazasını açın (yalnızca düğmeye basın ve tetiklemek için düğmeyi bırakın),
3160003,Ürün satın alma penceresini göster,geliştirici,"|@1| ekran |@2| satın alma penceresi için, öneri ekranı |@3",
3160004,Video oynatmak,Geliştirici,Open |@2| in |@1| and auto-play video,@Null@
3160005,Reklamları oynat,geliştirici,"|@1| için reklamı oynatmak için, reklam alanı adını |@2| olarak ayarlayın ve |@3| 'ü çalıştırın (yalnızca düğmeye basıp düğmeyi serbest bırakmak tetikleyebilir)",
3160006,Geliştirici mağazasını açın,geliştirici,Evet |@1| Geliştirici mağazasını açın,
3160007,Geliştirici mağazası atama sayfasını açın,geliştirici,"Evet |@1| Geliştirici mağazasını açın |@2|, mağaza adı |@3",
3160008,Ürün ayrıntıları sayfasını açın,geliştirici,Kime |@1| Aç |@2| ayrıntılar sayfası (yalnızca düğmeye basın ve tetiklemek için düğmeyi bırakın),
3170001,Konumla ilgili grafik bilgileri oluşturun,Görüntü Bilgileri,Oluştur |@2| üzerinde |@1|,@Null@
3170002,Oynatıcı hakkında grafik bilgileri oluşturun,Görüntü Bilgileri,Oluştur |@2| üzerinde |@1| |@3| doğru uzaklıkta |@4|,@Null@
3170003,Yaratıklar hakkında grafik bilgi oluşturun,Görüntü Bilgileri,Oluştur |@2| üzerinde |@1| |@3| doğru uzaklıkta |@4|,@Null@
3170004,Fırlatma nesneleri hakkında grafik bilgiler oluşturun,Görüntü Bilgileri,Oluştur |@2| üzerinde |@1| |@3| doğru uzaklıkta |@4|,@Null@
3170005,Konumdaki grafik bilgilerinin türünü silin,Görüntü Bilgileri,Sil |@3| kimlikli |@2| üzerinde |@1|,@Null@
3170006,Oynatıcıdaki grafik bilgilerinin türünü silin,Görüntü Bilgileri,Sil |@3| kimlikli |@2| üzerinde |@1|,@Null@
3170007,Yaratık üzerindeki grafik bilgilerinin türünü silin,Görüntü Bilgileri,Sil |@3| kimlikli |@2| üzerinde |@1|,@Null@
3170008,Atılan nesne üzerindeki grafik bilgi türünü silin,Görüntü Bilgileri,Sil |@3| kimlikli |@2| üzerinde |@1|,@Null@
3170009,Konum hakkında düz bir grafik bilgi oluşturun,Görüntü Bilgileri,Oluştur |@2| ile |@1| göre，dengeleme Y |@4| ile X ofset |@3,@Null@
3170010,Oynatıcı üzerinde düz grafik bilgileri oluşturun,Görüntü Bilgileri,Oluştur |@2| ile |@1| göre，dengeleme Y |@4| ile X ofset |@3,@Null@
3170011,Yaratıklar hakkında düz grafik bilgiler oluşturun,Görüntü Bilgileri,Oluştur |@2| ile |@1| göre，dengeleme Y |@4| ile X ofset |@3,@Null@
3170012,Mermi üzerinde grafik bilgi oluşturun,Görüntü Bilgileri,Oluştur |@2| ile |@1| göre，dengeleme Y |@4| ile X ofset |@3,@Null@
3180001,Herhangi bir grupta herhangi bir değer ekleyin,grup,@2| ekle | üzerinde |@1|,"1. Konum ekle: Sonuna bir değer ekleyin
2. Bu işlemi，konum grubu，alan grubu，yaratık grubu，oyuncu grubu，zamanlayıcı grubu vb. Gibi değişken tiplerine değer eklemek için kullanırken，aynı değer art arda eklenemez
3. Sayısal değer grubu，string grubu，Boolean değeri grubu，blok tipi grubu，Prop tipi grubu，yaratık tipi grubu，özel efekt tip grubu vb. Gibi değişken tipler aynı değere göre tekrar tekrar eklenebilir"
3180002,Belirtilen numaranın değerini herhangi bir gruptaki boş bir değere ayarlayın.,grup,Numaranın değerini ayarlayın |@2| Null değerine |@1|,Boş bir değere ayarlanırsa，pozisyon işgal edilecektir. Örneğin，1，{1，2，3}，eğer 1 boş bir değere ayarlanırsa，sonra a = {sıfır，2，3}
3180003,Herhangi bir gruba null için herhangi bir değeri ayarlayın,grup,Ensemble |@2| NULL IN |@1|,İçerik eşleşmesi temizliği，tüm değerleri boş değerlere，örneğin bir = {1，1，2，3} olarak ayarlayacaktır.
3180004,Herhangi bir grubu temizle,grup,Boşaltın |@1|,Grubun tüm değerlerini silin
3180005,Herhangi bir gruba herhangi bir değer ekleyin,grup,Ekle |3@| değeri |@2| konumu |@1|,İleri eklemek sıralamayı etkileyecektir. Örneğin，A = {1，2，3，4} İkinci konuma 5 yerleştirin，ardından A = {1，5，2，3，4}
3180006,Herhangi bir grupta belirtilen sayının değerini silin,grup,Sil kimliği |@2| dan değeri |@1|,Bir değeri silmek sıralamayı etkileyecektir ve aşağıdaki değer，2，A = {1，3，4} Silme Sonrası，örneğin A = {1，2，3，4} öne çıkacaktır.
3180007,Herhangi bir gruptaki herhangi bir değeri silin,grup,Sil |@2| içinde |@1|,İçerik eşleşmesi，örneğin A = {1，1，2，3} Sil 1，ardından A = {2，3}
3180008,Herhangi bir boş değer grubunu temizle,grup,Boş |@1| değer,Boş değer temizlendikten sonra otomatik olarak taşır，örneğin bir = {1，nil，2，nil，nil，3}，temizlendikten sonra，a = {1，2，3} haline gelir.
3180009,Herhangi bir gruba bir dizi değer ekleyin,grup,|@2|'nin tüm değerlerini |@1|,Boş değerler de dahil olmak üzere A grubunun orjinal sırasındaki B grubunun tüm değerlerini ekleyin. Örneğin，A = {1，2，3}，B = {4，5，6} B = A，ardından A = {1，2，3，4，5，6} ekleyin.
3180010,Herhangi bir grupta bir dizi değeri null olarak ayarlayın,grup,|@1| içinde，|@2| ile yinelenen değeri boş bir değere ayarlayın,"1. Deplama，A grubunun tekrarlanan değerlerini ve B grubunun Boş değerlere ayarlayın ve tekrarlanan boş değerler silinmeyecek
2. Birden fazla yinelenen değer varsa，birinci değer önce boş bir değer olarak ayarlanır，örneğin A = {1，1，1，2，3} B = {1，1，2}，A = {sıfır，nil，1，nil，3}，öncelik ix = 1 ve ix = 2 için 1'dir."
3180011,Herhangi bir gruptaki bir dizi değeri silin,grup,|@1|'de，yinelenen değeri |@2| ile silin.,"1. Çoğaltma，A grubundaki yinelenen değerleri silin ve B grubunda，yinelenen boş değerler silinir
2. Birden fazla yinelenen değer varsa，birinci değer önce silinir，örneğin A = {1，1，1，2，3} B = {1，1，2}，silinmeden sonra，a = olur {1，3}，önce ix = 1 ve ix = 2'de 1 silin."
3180012,Herhangi bir gruba bir dizi değer ekleyin,grup,|@3| içindeki tüm değerleri |@2| |@1| konumuna ekleyin.,"1. Sıralamayı etkileyen ileri yerleştirin. Örneğin，bir = {1，2，3，4}，ikinci konumda，ardından a = {5，6，7} ekleyin，ardından a = {1，5，6，7，2，3，4}
2. Eklenen konumda değer yoksa，ödev ile aynıdır. Örneğin，A = {1，2，3}，B = {4，5，6} dördüncü konuma，ardından A = {1，2，3，4，5，6} ekleyin."
3180013,Herhangi bir grupta belirtilen sayının değerini ayarlayın,grup,|@1|中号|@2| değerini|@3| olarak ayarlayın,Atama işlemi，mevcut ödev mantığı ile aynıdır
3180014,Herhangi bir gruptaki herhangi bir değeri değiştirin,grup,Tümünü |@1||@2| for|@3| içinde değiştirin,Tüm eşleşen içeriği，örneğin A = {1，1，1，2，3}，1 ile 5，ardından A = {5，5，5，2，3} ile değiştirin.
3180015,Herhangi bir değer grubunu sıralayın,grup,|@1||@2| değerinin permütasyonu,"1. Sayı boyutuna göre sırala
2. Dize grupları dize uzunluğuna göre sıralanır ve aynı uzunluk orijinal sıraya göre"
3190001,Gizli bileşenler,Arayüz,Make |@1| modify |@3| of |@2| display property to Hidden,@Null@
3190002,Metin içeriğini ayarla,Arayüz,|@1|'yi|@2|'nin|@3|İçindeki metin|@4| olarak değiştirtir,@Null@
3190003,Desen\düğme içeriğini ayarla,Arayüz,Make |@1| modify the image in |@3| of |@2| to |@4,@Null@
3190004,Desen\düğmenin boyutunu ayarlayın,Arayüz,|@1|'yi|@2|'nin|@3| uzunluk|@4|，genişlik|@5| olarak değiştirtir,@Null@
3190005,Metin yazı tipi boyutunu değiştir,Arayüz,|@1|'yi|@2|'nin|@3|fontu|@4| olarak değiştirtir,@Null@
3190006,Bileşen rengini değiştir,Arayüz,Make |@1| modify the color of |@3| in |@2| to |@4,@Null@
3190007,Görüntü öğesi,Arayüz,Make |@1| modify |@3| of |@2| display property to Show,@Null@
3190008,Dönen eleman,Arayüz,|@1|'yi|@2|'nin|@3|saat yönünde dönüş|@4| olarak değiştirtir,@Null@
3190009,Arayüzü aç,Arayüz,|@1|'yi|@2| açtırır,@Null@
3190010,Arayüzü kapat,Arayüz,|@1|'yi|@2| kapattır,@Null@
3190011,Bileşen şeffaflığını ayarla,Arayüz,|@1|'yi|@2|'nin|@3|şeffaflıği|@4|olarak değiştirtir,@Null@
3190012,Sayfa durumunu değiştir,Arayüz,|@1|'yi|@2|'nin durumu|@3|olarak değiştirtir,@Null@
3190013,Bileşen konumunu ayarla,Arayüz,|@1|'yi|@2|'nin|@3|X ekseni koordinatı |@4|，Y ekseni koordinatı |@5| olarak değiştirtir,@Null@
3200001,Müzikçalar için ekran penceresini ayarlama resmi,Ekran penceresi,Set |@1| to |@2| display window as |@3,"1. Aynı ekran penceresi farklı oyunculara farklı içerikleri görüntüleyebilir
2. Bu tetikleyici，tüm oyuncuların tüm oyuncuların aynı içeriği görmesine izin vermesi için bir kez yürütülmesi gerekir."
3200002,Oyuncular için bir ekran penceresi kurma videosu,Ekran penceresi,Set |@1| to |@2| show video in display window as |@3,"1. Aynı ekran penceresi farklı oyunculara farklı içerikleri görüntüleyebilir
2. Bu tetikleyici，tüm oyuncuların tüm oyuncuların aynı içeriği görmesine izin vermesi için bir kez yürütülmesi gerekir."
3200003,Oyuncu için ekran penceresi arayüzünü ayarlayın,Ekran penceresi,Set |@1| to |@2| show display window as |@3,"1. Aynı ekran penceresi farklı oyunculara farklı içerikleri görüntüleyebilir
2. Bu tetikleyici，tüm oyuncuların tüm oyuncuların aynı içeriği görmesine izin vermesi için bir kez yürütülmesi gerekir."
3200004,Ekran penceresini oynatıcıya göster,Ekran penceresi,Set |@1| to |@2| as the display,Ekran penceresi，her oyuncu için farklı durumlara sahip olabilir，bu oyuncuya A oyuncusu için Gizli ve B oynatıcı
3200005,Ekran penceresini oyuncudan gizleyin,Ekran penceresi,Set |@1| to |@2| as hidden,Ekran penceresi，her oyuncu için farklı durumlara sahip olabilir，bu oyuncuya A oyuncusu için Gizli ve B oynatıcı
3200006,Oyuncu için pano video oynatma modunu ayarlayın,Ekran paneli,Video oynatma modunu |@1| için |@2| için |@3 olarak ayarlayın,
3200007,Oyuncu için ayarlanmış kontrol panelinin web videosu,Ekran paneli,Kime |@1| set |@2| ağ video bağlantısını |@3 olarak görüntüler,
3210001,Skor tablosunda oyuncunun değerlerini ayarlayın,Veri depolama,|@2|'nin değerlerini |@3| olarak ayarlayın |@1| içinde,"1. Oyuncunun UID'sini bir dizin olarak kullanmak için，oyuncunun değerini sunucu liderinde ayarlayın.
2. Oynatıcı verilerini sunucunun leadetine kaydedin ve tam bir liderlik yapabilirsiniz.
3. Aynı puana sahipse ilk önce lider tabloya girecektir.
4. Leaderboard，harita bulut sunucusu haritasına yüklendiğinde etkili olacaktır."
3210002,Skor tablosunda belirtilen adın değerlerini ayarla,Veri depolama,|@2|'nin değerlerini |@3| olarak ayarlayın |@1| içinde,"1. Dizin adını özelleştirin. Sadece harfleri，sayıları，alt çizgileri ve yıldızları destekler.
2. Liderlik，komut dosyası referans adını doldurmak için giriş kutusunu kullanabilir."
3210003,Oyuncunun değerini skor tablosundan sil,Veri depolama,|@2|'nin değerlerini |@1|'den silin,@Null@
3210004,Oyuncunun değerlerini skor tablosundan sil,Veri depolama,|@2|'nin değerlerini |@1|'den silin,@Null@
3210005,Skor tablosunda belirtilen oyuncunun değerlerini kullanarak otomatik hesaplama,Veri depolama,|@2|'nin değerlerini artı |@3| |@1| içinde,Bu işlem，birden fazla oda，değerlerin birbirlerinin üzerine yazmasına neden olmadan aynı değerde çalıştığında kullanılabilir.
3210006,Skor tablosunda belirtilen adın değerlerini kullanarak otomatik hesaplama,Veri depolama,|@2|'nin değerlerini artı |@3| |@1| içinde,Bu işlem，birden fazla oda，değerlerin birbirlerinin üzerine yazmasına neden olmadan aynı değerde çalıştığında kullanılabilir.
3210007,Skor tablosunda belirtilen sıralamanın değerini elde edin,Veri depolama,@1|'in değerini |@4| kullanarak elde edin yöntemi，onları |@2|'de sıralayın ve |@3| değeri tetikleyiciye aktarmak için,"1. Lider tahtası sadece pozitif tamsayı sağlar，artan siparişin küçükten büyükten ve azalan düzenden küçükten küçüktür.
2. Bu tetiğin tüm parametreleri，[Tetikleyici Olay Oynatıcı]，[Hedef Oynatıcı]，[Tetikleyici Olay Yaratığı]，vb.
3. Dört isim，oynatıcı，değer ve sıralama değerini elde etmek için sunucu / lider tablosundan XX alabilirsiniz."
3210008,Skor tablosunda belirtilen oyuncunun değerini elde edin,Veri depolama,Obtain |@2|‘s value from the |@1| and run |@3| to transfer the value to the trigger,"1. Bu tetikleyicinin tüm parametreleri，[Tetik Olay Oynatıcı]，[Olaydaki Hedef Oynatıcı]，[Tetikleyici Olay Yaratığı]，vb.
2. Dört isim，oynatıcı，değer ve sıralama değerini elde etmek için sunucu / lider tablosundan XX alabilirsiniz."
3210009,Skor tablosunda belirtilen adın değerini alın,Veri depolama,Obtain |@2|‘s value from the |@1| and run |@3| to transfer the value to the trigger,"1. Bu tetikleyicinin tüm parametreleri，[Tetik Olay Oynatıcı]，[Olaydaki Hedef Oynatıcı]，[Tetikleyici Olay Yaratığı]，vb.
2. Dört isim，oynatıcı，değer ve sıralama değerini elde etmek için sunucu / lider tablosundan XX alabilirsiniz."
3210010,Tabloda belirtilen ismin rastgele değerini ayarlayın,Veri depolama,@2|'nin değerini |@1| |@3| olarak,1. Scriptlerin kullanımı üzerinde bir etkisi olan dizini bölmek için süreyi kullanın. Sadece bunu görmezden gelmek için tetikleyicileri kullanın.
3210011,Belirtilen ismin değerini tablodan silin,Veri depolama,@2|'nin değerini |@1|'den silin,@Null@
3210012,Tabloda belirtilen ismin değerini alın,Veri depolama,Obtain |@2|‘s value from the |@1| and run |@3| to transfer the value to the trigger,@Null@
3210013,boş masa,Veri depolama,Boş masa |@1|,Silinen bir kez geri kazanılamıyor. Lütfen temkinli olun.
3210014,Boş afiş,Veri depolama,Boş lider tablosu |@1|,Silinen bir kez geri kazanılamıyor. Lütfen temkinli olun.
3210015,Oyuncu verilerini bildirin,veri depolama,"Rapor |@1| Veriler, Etkinlik Adı |@2","Farklı olay kombinasyon olay adlarını kullanarak, oyuncuların çeşitli davranış verilerini özelleştirebilir ve raporlayabilirsiniz. Raporladıktan sonra, içerik oluşturucu merkezinin arka planında oyuncuların çeşitli verilerini görüntüleyebilirsiniz."
3220001,Değerlendirme açılır penceresini oyuncuya gösterin,etkileşimli,Çift |@1| Değerlendirme açılır penceresini göster,"① Oyuncu, yalnızca belirli bir süre oynadıktan sonra tetikleyebilir (şu anda haritaya girdikten 3 dakika sonra)
② Sadece 10 dakikada bir oynanacak ve oyuncu haritanın tetiklenmeyeceğini değerlendirdi.
③ Haritayı tekrar girin veya düzenlenen haritayı tekrar açılacak şekilde dönüştürün, bu test için uygundur"
3220002,Favorileri oyunculara göster,etkileşimli,Kime |@1| Favorileri Göster Pop-up,"① Oyuncu, yalnızca belirli bir süre oynadıktan sonra tetikleyebilir (şu anda haritaya girdikten 3 dakika sonra)
② Sadece 10 dakikada bir oynanacak ve oyuncu haritanın tetiklenmeyeceğini değerlendirdi.
③ Haritayı tekrar girin veya düzenlenen haritayı tekrar açılacak şekilde dönüştürün, bu test için uygundur"
