id编号,标题,内容,作者,是否匿名
Id,Title,Context,Author,ShouldAnonymity
1,大海啊大海,啊~~大海~~都是水~~~啊~~沙漠~~都是沙~~~,沙漠商人,
2,很高興認識你,這位撿到我漂流瓶的朋友，我想你一定是個勇敢、積極、好看的人！也許還有一些不服輸的韌性。如果我沒猜錯的話，我一定是猜對了。,卡卡,
3,廢話文學,"我最近接觸到了一些廢話文學，比如這句：但凡你這話有點道理，也不至於一點道理也沒有。聽說適度地使用能打破一些尷尬的沉默起到活躍氣氛的作用，我還聽說魯迅先生也曾用“廢話”來營造氛圍，比如這句：在我的後園,可以看見牆外有兩株樹,一株是棗樹,還有一株也是棗樹。 ——《秋夜》",卡卡,
4,相信自己,如果你願意多花點時間了解，你就會發現其實我們都有很多優點，如果你願意多花時間照照鏡子，你就發現你其實長得很好看！自信一點，相信自己，你可以的！,卡卡,
5,做更好的自己,台上一分鐘，台下十年功！人生在世，最容易獲得的除了衰老，沒有其他，哪怕是長胖還要努力吃呢！所以如果有了目標，一定要努力努力再努力！想要擁有強健的體魄，就要不停鍛煉；想要擁有智慧的大腦，就要不停學習！與君共勉~,妮妮,
6,海洋風格家具,一日不見，如隔三秋。近來無恙否？上次你說，有空了就來看我，你現在有空了嗎？我這兩天新進了一批奇珍異寶，物美價廉，而且種類繁多，其中有一套海洋風格的家具，記得抽空過來呀，我在珊瑚島等你呀~,海島商人,
7,星辰花的味道,前兩天我在海上遇到了一位乘坐著皮筏出海的小哥，哎呀呀，就是看不起我們啊！居然坐著小皮筏就敢來，這等挑釁，我等豈能放過。雖說小哥的載具有點拿不出手，但戰利品卻是很豐富的，其中最讓我愛不釋手的，就是一種名叫星辰花的植物，那味道那顏色，簡直和我夢想中星辰大海的一模一樣，可惜這花不能久放，如果能有花種子就完美了…,假裝匿名的海盜獵手,
8,就等你來！,你來我船，成就夢想！這裡是穿越過海上風暴，找到了深海寶藏的航海時代先驅——黑帽子船長發布的招聘廣告，我們船上人才多，能文能武還做得一手美食，現在就等你來，有意者請聯繫我！,甜心瑪麗,
9,征服星辰大海,邁出你的第一步，不懼困難，不怕挫折，和我們一起，征服大海！我們的船隊現在停在漁村附近的淺海，在這裡暫時休整，如果你要來，要盡快！我們即將出發，開啟大航海時代！等你來，一起征服星辰大海！,黑帽子船長蒂奇,
10,,我需要更多黃沙、黃沙、黃沙…,某不原透露姓名的沙人,
11,無語！,一個晚霞漫天的黃昏，我想砍棵椰子樹，回家裝飾一下地板，結果被掉下來的椰子砸中，直接錯睡了一整夜，再睜眼的時候，太陽正高高掛在頭頂，哎，真是太丟人了，就不署名了吧~撿到我漂流瓶的有緣人，記得吸取我的教訓啊~,,1
12,三生萬色,調色板好好玩，拿2種顏色，就可以調和出豐富多彩的色彩來，讓我有了一生二，二生三，三生萬物的感悟，如果你還沒玩過，一定要感受一下呀，真是太有意思了。,妮妮,
13,沃沃獸,沃沃獸太可愛了，好想馴服一隻，再用點顏料給它也畫上圖騰，一定非常霸氣！,妮妮,
14,,我媽只讓我玩一個小時，我也太慘了，好想快點長大！,,1
15,,新版本好好玩，愛了愛了,,1
16,,作業終於做完了……有一起玩的友友嗎？,,1
17,鯊魚！大鯊魚！,嘿！我今天釣到了一條大鯊魚喲，超級大，比我們村的海神像都大，想要來看看嗎？我擺在村中央的曬魚架上了！,勝過傳奇的釣手,
18,,我爸雙十一給我買了少女團手辦嗚嗚嗚，好開心好開心,,1
19,巨大的紅杉樹,有一位遇到的冒險家送了我一棵樹的種子，我把它種下了，你猜它長成後有多大？它有紅色的葉子，特徵很明顯了吧！你猜到了嗎？簡直是比我們家門口的井還要大！十個人都合抱不過來！,沙漠村民,
20,更多形狀,新出的三角形方塊挺有意思的，我嘗試搭了一些建築，看起來還不錯呀，的確是突破了原來的方塊的感覺，希望官方能再多出一些其他的多邊形,,1
21,,距離寒假還有幾十天倒計時，噢耶噢耶！,,1
22,,發現學校圖書館裡有迷你聯盟大冒險，絕絕子,,1
23,,在網上和黑子對罵，氣死我了，不管怎麼樣迷你yyds!,,1
24,,關注迷你星工廠以來第一次中獎得皮膚，開心到中午吃了兩碗飯,,1
25,,最喜歡月無雙姐姐啦，表白表白,,1
26,,《龍響》能不能更快點啊，不夠看的……求迷你給黑叔加雞腿！,,1
27,沙漠和海洋相比,我還是覺得沙漠更有性價比，我這裡的貨物每樣都有大來頭，想要了解更詳細嗎？來找我吧，我當面和你講。,沙漠商人,
28,,妮妮總說三思而後行，但我的身體總能搶先一步動起來。,卡卡,
29,,寒假之前是期末考試。嗯，果然日子總是先苦後甜。,,1
30,,為什麼數學不能像語文一樣簡單明了呢？,,1
31,,生存還是考試，嗯，這是個問題。,,1
32,,如果能有時光機就好了啊，我要過一百遍暑假。,,1
33,,大家長大後想成為什麼？我想當一名作家！,,1
34,,英語和數學的區別是：一個看不懂，一個看懂了也寫不出來。,,1
35,,我不喜歡熬夜，早睡早起身體好。,,1
36,一些成熟的建議,沙漠裡的沙子比海邊多多了，大家快來沙漠玩吧！,某不原透露姓名的商人,
37,,體育考試好難，比跑八百米還難......等等，這兩者似乎是一回事。,,1
38,,每次心情不好的時候，我都會去看看大海。,,1
39,,逝去的已經逝去，把握當下才是最重要的。,,1
40,,任何事情，只要有恆心堅持，就會變得簡單很多。,,1
41,,龍響天下真好看啊，給牙寵點贊！,,1
42,,話說虛空軍團為什麼那麼壞啊，難道它們也有自己的苦衷嗎？,,1
43,,有沒有可以一起聯機的朋友啊啊啊啊,,1
44,,可以選擇放棄，但不能放棄選擇。,,1
45,,和好朋友鬧彆扭了......這種感覺誰懂？不是我的錯，我要為了挽回友誼而先道歉嘛？,,1
46,,有人考試靠實力，有人考試靠視力......這是不對的吧？,,1
47,,我有一個問題：花露水到底算不算是香水？,,1
48,,他好像說了很多，有好像什麼也沒說，唉，好朋友的心思有時候比方程還難解。,,1
49,,我最喜歡吃漢堡包啦，但媽媽說漢堡不健康，有肉有菜有麵包怎麼就不健康了呢？,,1
50,,電視裡的女主喜歡把頭靠在車窗上，但是真的不會被顛到頭痛嗎？,,1
51,,寒假當然也不錯，但還是最喜歡和朋友們在一起的校園時光。,,1
52,,好討厭蚊子，能不能許願讓天下所有的蚊子都消失啊。,,1
53,,早起的鳥兒有蟲吃，晚起的鳥兒睡的飽。,,1
54,,突然發現跑步可以讓人心情愉悅，比看動畫片還開心！,,1
55,,每逢佳節胖三斤，希望這次寒假可以減點肥。,,1
56,,笑一笑，其實沒有什麼過不去，,,1
57,,人生如戲，全靠演技，這麼說來我應該是個群演。,,1
58,,做了一個提前寫完寒假作業的夢，醒來後發現還有三本沒寫，哭了。,,1
59,,好喜歡月無雙！我要集齊所有月無雙的周邊！,,1
60,,不知道是不是錯覺，感覺每年冬天都別過去熱一點點。,,1
61,,像我們這個年紀，開電動車一定要戴安全頭盔，否則會被開豪車的同學認出來哦。,,1
62,,雖然我不會做飯，但我能點得一手好外賣。誒媽咪，你手機怎麼換密碼了？,,1
63,,誰抽了盲盒有多的皮膚？給我給我！跪謝寶子們。,,1
64,,睡覺是門藝術，不要阻擋我追求藝術的腳步。呼呼呼~,,1
65,,我是真的喜歡你，永遠把你放在第一位，先不說了，遊戲開始了。,,1
66,隱藏地圖,隱藏地圖有人知道怎麼去嗎？,,1
67,新功能試用,漂流瓶~滴滴~有人能看到嗎？看到的祝你每天開開心心，健健康康！,,1
68,雨後春筍,剛才發現，下雨會讓土塊變成草塊，挺好的，更真實了，讓我想到了雨後春筍這個詞,,1
69,期待長大,放假了，作業好多啊！好想快點長大，變大人了就不用交作業了！,,1
70,海里為什麼這麼黑,海裡太黑了！聽說真正的深海也是暗無天日的，期待有明一日能去看看~,,1
71,小心燈籠魚,嚇死我了！今天我在海底漫遊，看到前面有一個亮亮的東西，還以為是啥寶貝，結果剛一靠近，一隻潛伏的燈籠魚破土而出，張著血盆大口向我撲來，幸好我跑得快，要不然你今天就看不到我了！如果你也要去海裡看看，一定要小心啊，我的朋友。,,1
72,,快來海神殿找我玩嗚啦啦啦啦,,1
73,提問,《覺醒》裡面的圖索變身之後是哪一個有友友知道嗎~,,1
74,吃什麼,今天中午吃什麼捏，大家一起討論一下呀,,1
75,開吃,今天吃紅燒茄子、拍黃瓜、小炒牛肉,,1
76,,想知道家人們的遊戲名稱由來~,,1
77,許願,好想要浣溪的皮膚，怎麼還抽不中嗚嗚嗚,,1
78,,大家的豪華宮殿都是怎麼建成的啊，偶也想建一個。,,1
79,,吃飯、睡覺、玩遊戲，本座的周末生活就是這麼頹廢而愉快。,,1
80,破防,不會只有我一個人覺得這些關卡這麼難吧,,1
81,,真希望可以在裡面和朋友一起組隊探險呀！,,1
82,,月無雙姐姐，呼叫月無雙姐姐，萊柯和格莉菲塔對抗白手黨成功了嗎?,,1
83,,星靈波波，我要許願考試門門一百分！,,1
84,,好想和熊孩子、胖噠、兔美美、迷斯拉一起在星際冒險。,,1
85,,有沒有什麼好用的武器啊，求推薦,,1
86,Cjt的勸誡,我始終堅信光會降臨!,cjt（真,
87,久遠的回憶,上次撿到漂流瓶的時候還是上次,不願透露姓名的冒險家,
88,學習小技巧,奇變偶不變，符號看象限,,1
89,人生哲理,失敗總是貫穿人生始終，這才是人生！守護迷你世界的榮光，吾輩義不容辭！,,1
90,溫馨提示,作業做完了嗎？工作忙完了嗎？先乾完正事，再來痛痛快快的玩哈，否則玩的也不會盡快，心裡總是會擔心,願意透露姓名的冒險家,
91,氣溫變化注意保溫,據說過幾天會有暴雨來，氣候變化，小心別生病呀，生病了要乖乖休息，別逞強，身體最重要。,酋長夫人,
92,金拱門社區公告,哦，我親愛的老伙計們，誰要是再提那該死的瘋狂星期四，我保證會像踢土撥鼠一樣狠狠地踢你的屁股！,您的鄰居麥克唐納德,
93,養殖技術指導,一定要多吃青菜，注意健康餵養！,沙拉大王,
94,無聊,你能撈到我說明你也一定很無聊吧,,1
95,CPDD,直角三角形的兩條直角邊的平方和等於斜邊的平方,登dua狼,
96,野生漂流瓶,hakuna matata,丁滿,
97,寶藏,海洋的最深處能找到沉船，那裡有守衛守護著的寶藏，擊敗守衛後就能獲得這些寶藏；當然你需要一些優良武器和潛水設備。路上小心，有緣的冒險家！,不願透露姓名的冒險家,
98,最討厭的人,"我最討厭兩種人,一種是說話說一半的人",黑天鵝,
99,宇宙終極真理,媽媽第三次叫你起床的時候真的得起來了,熊孩子,
100,我的秘密,反正沒人看到，我就說了啊。其實我每天晚上要抱著小熊才能睡著，嚶嚶嚶~~,迷你隊長,
101,海洋探險小貼士,當黑凝漿塊和水擺放成特定的形狀會變成熱泉哦。,大航海家,
102,海洋探險小貼士,注意！當魔鬼魚血量在一半以下時，攻擊會釋放神經麻痺毒素。,大航海家,
103,神秘坐標1,據說在坐標15032，-2212的地方埋葬著上個世紀最偉大的航海王的寶藏，他在被送上絞刑台的最後一刻向圍觀群眾大聲喊到……(欲知後事如何，且聽下回分解),說書人,
104,神秘坐標2,這都是假的。,,1
105,花小樓的夢話,炸雞、漢堡、烤肉、可樂……啊，什麼作業？,程錦衣,
106,,太棒了，逐漸理解一切……,理解了一切的冒險家,
107,你好,我是一個漂流瓶,,1
108,噢！我可愛的坐騎,出來吧我的坐騎！噢，怎麼沉到海底去了，終於追到你了，但是問題來了，到底按什麼鍵坐上它呢？,下班了快跑,
109,小心鯊魚！,乘坐木船在海面上行駛過久的話，鯊魚就會循著痕跡來找你啦！小心哦~畢竟它們看起來一點也不友善！ ~,傳奇釣手,
110,深海寶藏,想要我的財寶嗎？想要的話可以全部給你，去找吧！我把所有財寶都放在那裡。,杰羅,
111,復仇計劃,多年好友反目，慘遭雙重背叛，v我50聽我複仇計劃！,鈕祜祿,
112,海洋探險小貼士,找到並靠近海底那與眾不同的熒光棒藻，會有意想不到的驚喜哦,大航海家,
113,太陽下山啦,但我們每個人都可以成為閃閃發光的星星，照亮自己前進的路,旅途中的小王子,
114,交朋友,一曲肝腸斷，何處覓只因？ uin：10086,蔡蔡子,
115,聽說標題不能空,唉，不知道說什麼，所以不說了吧,摯愛白切雞,
116,世界和平,Mc和迷你和諧友好,,1
117,一個有關寶藏的秘密,幸運兒，我花了五百年積攢的寶藏已經藏在了海底深處，藏寶路線我已經寫在信紙背後，先到先得！,不願透露姓名的慈善家,
118,喵,喵,喵,
119,寫個詩,天蒼蒼，野茫茫，外焦里嫩烤全羊。,從不趕時間的酷蓋,
120,我是GM,我是超越三界（地球，火星，月球）的GM，你的一舉一動都在我的掌握中，小孩，夜深了，該睡覺了。,我叫GM,
121,藏在內心的話,----.-.-......-/---...-..--.--./-.--..-.-----.-/-.-....--..----/-..----.--...../-..----.--...../-..----...--.-./-.-.---..-.-.../-.-.-..---.-.-./-..-...---..--..,,1
122,趕海心得,不要抓螃蟹，會被鉗住，很痛。,初級探險家,
123,海神的眷顧,今天的海面風雨交加，海上的天空灰濛暗淡，牆上的風鈴劇烈搖晃，夾雜的雷電讓人感到恐懼；但直到雨過天晴之後，天空出現斑斕的彩虹；這時能感覺到，海神還是眷顧著我們的,海民,
124,蔬菜價格,綠豆25，紅豆35，薏米85，薏米85剛好就是我的身高,從不趕時間的酷蓋,
125,這是標題,這是正文,這是作者,
126,陌生人的祝福,今天是2022年12月9日，我把這段話寫進漂流瓶，你打開的時候是幾號呢？希望你開心~,小白,
127,就是你,跟我混吧，以後有我一口飯吃，就有你一個碗刷,從不趕時間的酷蓋,
128,,與其感慨路難行，不如馬上出發！,克林克茲,
129,,你只有去探索才知道答案,海底兩萬里,
130,崴腳了,前天出門把腳崴了，走起路來1米86、1米85、1米86、1米85,從不趕時間的酷蓋,
131,果然,摸了一下自己的臉，手被劃傷了，果然我帥的就像一把鋒利的刀。,從不趕時間的酷蓋,
132,,6加3等於9，5加4也等於9，你做事的方式，不是唯一的方式。,跳二同學,
133,這不是巧了麼,宮廷玉液酒，請接下語句,咩咩咩,
134,靜夜思,窗前明月光，疑是地上霜。舉頭望明月，低...低...低,學前班小朋友,
135,還得是你,問：自行車—宮廷玉液酒+大錘—小錘＝多少？,咩咩的喵喵,
136,一個建議,給你提個建議，不要隨便給別人提建議。,從不趕時間的酷蓋,
137,,行路難，行路難，多歧路，今安在？,李白,
138,成功的奧秘,愛迪生這一生中從來沒說過“放棄”兩個字，因為愛迪生不會中文,從不趕時間的酷蓋,
139,告訴,"我有一個秘密，
卡卡知道。
我有一個秘密，
小樓知道。
我還有一個秘密，
無雙知道。

隊長他有很多很多秘密，
我全都知道。

咦，你也知道?
嘿，你也玩迷你!",,1
140,歷史殘卷,相傳，收集到金色聖樹的果實、巨龍守護的斷劍、遠古生物的眼睛，前往遙遠北方的火山中擊敗來自虛空的可怕生物，將會擁有數之不盡的財富。,指點迷津的智者,
141,吃火鍋,想和你一起在冬天吃火鍋，不是冬天也行，不是火鍋也行，不是你也行，不是我付錢就行。,從不趕時間的酷蓋,
142,,十四是十四，四十是四十,瓜爾佳氏,
143,花語,每種花都有屬於自己的花語，爆米花的話語是：看電影時不要講話。,從不趕時間的酷蓋,
144,,過去心不可得，現在心不可得，未來心不可得。,得道高僧,
145,,我聽到傳來的誰的聲音，像那夢裡嗚咽中的小河。,林大仙,
146,,此地無銀三百兩,張三,
147,煩人的海鷗,今天開開心心拿著烤肉披薩來到沙灘，不料被這囂張的海鷗把我的烤肉披薩搶走了，嚶嚶嚶~~~~,冰冰咯咯,
148,快樂星球,好玩又刺激，優雅不過時。騷年，快前往快樂星球吧！ https://www.mini1.cn,快樂bug王,
149,我命由我不由天,劍氣縱橫三萬里，一劍光寒十九州。少年郎，看與你有緣。這本《萬劍歸宗》就贈與你了。我等修煉者原本就是逆天行事，有各種磨難是正常之事，只要破棘而出就是了。嘿嘿，與人鬥有什麼意思，與天鬥才其樂無窮！,萬人敬仰韓天尊,
150,異界生存指南,海洋異變發生後，多了一種看不到的能量。下潛深度越深，體力消耗越大，氧氣消耗越來越快，甚至連裝備都會很快破損。為了你的安全考慮，請各位探險家穿著潛水裝備及氧氣背包下水探險。,龍傲天,
151,震驚！海底異變後惊現新元素礦物。,星曆2022年，迷拉星海底異變後探險小隊【猛】發現全新元素礦物，為了紀念發現這個元素礦物的小隊，冒險家們將其命名為【錳】。,迷拉星路邊社,
152,進化吧，世界,研究發現起源立方創造能力進階，世界新增斜磚，斜半磚，豎斜半磚，豎半磚。,,1
153,投訴信,不知道為什麼天氣預報在萌眼星失靈了，我一直在等它顯示天氣。我要去投訴它的發明者，一點都不實用。,熊孩子,
154,海鷗頻道,夢想是什麼？是去碼頭整點薯條！,海鷗王,
155,苦惱,下次研發什麼新口味的冰激凌呢？,兔美美,
156,,希望天堂沒有爆爆蛋,胖噠,
157,,駕駛著甜星號兜風的感覺，真好~,兔美美,
158,,按照牛頓第三運動定律推算，熊孩子剛才撞在門上一定很痛……,胖噠,
159,,打遍天下無敵手~賽車這一塊，我還是很有自信的！,迷斯拉,
160,,這回，我要把爆爆蛋藏在酋長的被子裡，嘻嘻嘻,熊孩子,
161,,願我的星之力能幫助到每個需要幫助的人……,星靈波波,
162,,快過冬了！好期待新年呀~,喜團團,
163,,一個、兩個、三個……不知不覺竟然攢了這麼多松果啊，我可真厲害！,金柚柚,
164,,聖誕節要給大家送什麼禮物呢？我可得好好想想……,叮叮噹,
165,,好想念家鄉，那片永遠瑩白純淨的地方……,雪球球,
166,,這迷萌星的歷史啊，可就說來話長了，不如，我們去溫泉邊泡邊說？,迷梭梭,
167,,我才沒有害羞呢哼哼，那是人家天生的紅臉蛋啦！,啾啾,
168,,岸上的生活，也太精彩了，海裡的家人們，看到這條消息快來找我玩呀！,余小樂,
169,,海底的生活好無聊啊，想去岸上看看……,余小歡,
170,,總有一天，我要從大海飛向星空！呃，等等，氧氣的問題還沒有解決。,章小丸,
171,,聽說，附近有個森林半夜會有奇怪生物出沒。帶上我的相機我們去拍探險短片吧！,熊小吉,
172,,呱呱，呱，呱呱呱，什麼，怎麼會有人聽不懂？我是說，夏天來了一起衝浪吧！,蛙太郎,
173,,橘子喵喵，好吃的跑不掉，好想吃甜品哦，你有什麼推薦嗎？,橘子,
174,,咕嚕咕嚕，你看我的氣泡在陽光下可以折射出彩色的平行世界哦。,泡泡,
175,,請問，有人看見了我的小牧魚嗎？幫我找到小牧魚的話，我會告訴你暴風雨什麼時候來臨。,潔莉,
176,,快如疾風，勢如閃電！有沒有人想跟我學輕功水上漂的。,快客小渦,
177,,哈魯，魯魯，最近怎麼這麼多人玩飛盤呀，真是我的跟屁蟲。,哈魯,
178,,那個快客小渦再快，快不過我的魚骨。,妙妙,
179,,很多人問我為啥要搞這麼多惡作劇，怎麼沒人懂我的幽默呢？我就想做整蠱專家！,嘟嘟波波,
180,,採蜂蜜怎麼會辛苦呢？這可是世界上最甜蜜的工作呀~,蜜多多,
181,,在山的那邊海的那邊，有一群，咳咳，有一群小賊消息賊靈，看我去會會他們。,小海俠莫塔,
182,,每一場魔術表演都有三個步驟，以虛代實，偷天換日然後就能化腐朽為神奇。,魔閃閃,
183,,你知道，星星和月亮為什麼總是在夜晚出現嗎？因為他們跟我一樣失眠睡不著。,星月小夢,
184,,怎麼說呢，我可能還真有點做甜品的天賦呢。,玉團兒,
185,,好喜歡橘子哦，你們不覺得她很可愛嘛？ rua起來肯定很舒服。,琉璃醬,
186,,那些刀子嘴豆腐心的人，不如多吃我做的軟心硬糖，這樣別人相處起來會更甜蜜呢。,糖心小熊,
187,,嗚嗚嗚嗚棉花糖掉進海裡了，怎麼一瞬間就不見了！,芙洛絲,
188,,除了腳下的高山，我也想潛入深海一談究竟！,泰林,
189,,我可不會勸你隨意地踏上冒險的旅程，前方等待你的除了新奇的景色，更有可能是未知的巨怪！,艾菲莉,
190,,安妮的麵包坊出新品啦，不知道會不會有我更愛的麵包出現呢？,啦啦隊長克萊爾,
191,,巧克力和籃球，小孩子才做選擇，我全都要！,籃球隊長盧卡斯,
192,頓悟,到了海邊我才發現，原來普通青蛙不能在海裡游泳啊！,蛙太郎,
193,修行,忍者就是要逆流而上，我要去鹹水裡歷練自己！,蛙太郎,
194,,感覺科學比魔法還要神奇！,莉莉絲,
195,,人魚的歌聲，也不全是憂傷。,米娜,
196,,蘭斯洛特先生的盔甲到了海邊不會生鏽吧？,夢歌,
197,,果然，穿著盔甲不能游泳只能潛水！咕嚕嚕嚕嚕,蘭斯洛特,
198,,我討厭陰冷潮濕的地方，這讓我想起了故鄉。,德古拉六世,
199,,木頭可不能沾水，會長蘑菇的。,匹諾曹,
200,,海邊對於我來說果然還是太熱了啦！,雪靈,
201,,一起去海邊玩吧，匹諾曹先生！,塔莎,
202,,真正的劍客，即使看到沙灘與海，也不會忘記修行。,千兵衛,
203,,大蝦！魷魚！白灼花蛤！海邊的好吃的看起來真多啊嘿嘿嘿（流口水）,葉小龍,
204,,向我許一個願望吧！說不定立刻就能實現哦。,星靈波波,
205,,新買了一個體重秤！還可以設定體重值？嘿嘿，去嚇唬嚇唬兔美美去。,迷斯拉,
206,,新研發的洗澡機，還不用自己動手洗澡，這等好事，讓他們羨慕去。誒不對啊，這個洗澡機怎麼還打人呀？ ！,胖噠,
207,,砍價免費拿？是我最愛的筆記本電腦！求求你了，就幫我砍一刀吧。,兔美美,
208,,噗卡噗卡，看我的爆爆蛋多可愛？別害怕呀，它不會炸的。噗，咳咳咳，預判失敗。,熊孩子,
209,廣告,新品夾心糖，快來食趣星嚐嚐吧！,糖心小熊,
210,挑戰書,向全世界發布1v1籃球挑戰，夠膽你就來。,籃球隊長盧卡斯,
211,猜一猜,你猜這個獼猴桃，是甜的還是酸的。,彌禾,
212,迎賓,柿梓的柿園，對所有人敞開。,柿梓,
213,詢問,有人見過外星文明嗎？有的話記得電聯我哦。,逐夢,
214,警告,白手黨們，別再來動我們的畫。,萊柯,
215,招攬,街頭塗鴉愛好者們，想和同伴們一起來干點大事嗎？,格莉菲塔,
216,小龍人,頭上有犄角，身後有尾巴，是什麼我不說。,天幕星龍 卡珀,
217,硬氣,虛偽的感情，我不需要。,竹笙,
218,磕cp,甜甜的cp真好磕。,雪裙,
219,不解,為什麼人總會變貪婪呢？,長發公主 蘿拉,
220,宣示主權,平生最看不慣的就是侵犯！,烽靈,
221,認同感1,飛行器才是最厲害的，誰同意誰反對？,埃若白,
222,認同感2,埃若白是大傻子，同意我的舉手。,梅珂玟,
223,尋找,有人見過一隻可可愛愛喜歡講笑話的小雪人嗎？,雪莉,
224,招募,單子實在堆得太多啦，有沒有人來幫幫我啊！,喵小糖,
225,推銷,許願，許願，許願就找星靈波波。,星靈波波,
226,邀約,有興趣來我的風神宮瞧一瞧嗎？,靈瑤,
227,星際公告,三天前，十位團子星居民突然失踪，根據現有線索，星際警察認定，這是一起十分惡劣的綁架案件。面對此事，所有迷你宇宙居民都有責任和義務提供破案線索，並積極主動地抵制買賣團子的行為。,《迷你日報》,
228,星際快遞發展簡史,不得不感慨迷萌星系的科技發展得太迅速了。曾經的星際快遞，都需要專門的人員面對面投遞和接收。可是星際快遞傳送基站建成之後，所有快遞都有各自的識別碼。通過識別碼，接收快遞的基站就可以準確地將快遞順著專用通道分配到不同區域，然後直達接收者門口。,《迷你科學》,
229,星際公告,近日，迷拉星海上火山隱隱有噴發的趨勢，爆爆蛋也變得非常敏感激動，星際氣象聯盟派去監測火山的無人機被突然衝出來的爆爆蛋炸壞了兩台，請諸位珍愛生命，遠離危險。,迷你氣候研究院,
230,星靈皮皮的信,嘿，我現在在柔茲星，告訴你，這個地方可太好玩了，我吃到了我生命中最美味的食物。對了，不要告訴兔美美，她要是知道她的冰淇淋不是我最喜歡的美食了，她肯定會生氣的。不過，你可以偷偷來柔茲星找我，我給你留了1個藍茅果，等你過來我們一起分享。對了，我最近在做一件了不起的大事情，是一個非常非常特別的星願任務，我敢說沒有任何星願任務可以跟這個任務比，如果做成了，這會是一件非常偉大的事情哦，我皮皮就要變成最厲害的星靈啦……嘿嘿，具體的任務我先保密，等你過來再讓你大吃一驚……,《迷你聯萌大冒險》,
231,星願任務書1,"任務地點：甜蜜小鎮
任務目的：獲得“糖果追擊賽”的冠軍 
任務提示：格納爺爺的糖果店因為顧客太少，評分不夠，即將關門歇業了。孩子們再也不能買到格納爺爺親手做的糖果了。",《迷你聯萌大冒險》,
232,新聞報導,賽恩斯星環保創意大賽已於近日開啟，此次大賽要求參賽選手用廢棄物或閒置物品，創作出助力環境保護的機器。參賽者們將分階段上傳製作過程的視頻，每個階段觀眾都可以給喜歡的參賽作品投票，給參賽者慢慢積攢人氣。目前人氣第一的是來自賽恩斯星的“一顆萌圓圓”，人氣第二是來自迷萌星的“來自天上的熊孩子”。,《迷你聯萌大冒險》,
233,,每五年一次的星際博覽會將於12.12~12.22日舉行，本次展出的特色展館有病菌館、標本館和化石館。此次星博會將加入了最新研發的AI挑戰系統。參觀者以小隊為單位進入星博會就能開啟挑戰，每個小隊在不同場館的挑戰主題各不相同，完成三個場館挑戰的小隊就能得到主辦方精心準備的禮品一份。,《迷你聯萌大冒險》,
234,,誠邀愛音樂、有夢想的有緣人一起參加樂樂星的最後一場音樂會。有車自駕更佳，附贈老頭一名，可陪聊，能講述樂樂星過去的故事。,《迷你聯萌大冒險》,
235,,反重力星迷幻遊樂園開啟啦，最新懸浮城設計，更有旋轉飛鍋、渦輪傘、懸浮建築賽、鐵網釣魚等遊樂項目，快來體會反重力的感受吧！,《迷你聯萌大冒險》,
236,透明人763號的留言,尖叫星遊戲官透明人763號誠邀您前來尖叫星體驗“抱抱透明人”驚悚遊玩項目，我們將為您提供整個星際最安心，最舒適的遊戲體驗。,《迷你聯萌大冒險》,
237,,今晨，尖叫星迷霧森林發生一起爆炸。據記者了解，此次爆炸跟艾力克博士廣受好評的“透明人技術”有關。透明人體驗官項目本來是尖叫星最受歡迎的體驗項目，近期卻有多名遊客在體驗的過程中遇到了危險。有人被透明人嚇到，在逃跑的過程中扭傷了腳，還有一位顧客因為驚嚇過度引起心臟驟停。幸運的是醫療救助小組迅速對這個遊客進行搶救，沒有引起不好的後果。今天爆炸的事情發生之後，艾力克博士決定，暫時停止運行透明人體驗官的項目。,《迷你聯萌大冒險》,
238,廣告,"你有不能平復的遺憾嗎？你有遙不可及的夢想嗎？你有生命中想要修正的錯誤嗎？你有想要重溫的過去嗎？
來謎想星吧！
謎想星擁有非常強大的虛擬計算機系統，在這裡，你可以把你的意識和謎想世界連接，體驗到截然不同的人生。
人生重來，由你書寫！",《迷你聯萌大冒險》,
239,迷萌日報,"今晚19:00~20：00，迷萌直播平台誠邀您觀看兩大人氣主播迷斯拉PK雞小飛，人氣大比拼。
聽雞小飛講胖噠如何化解謎想星危機，看迷斯拉帶你練健身操《星辰入夢》。",《迷你聯萌大冒險》,
240,迷萌日報,"七旬老者外出旅遊後迄今未歸，家屬重金懸賞。
一個迷萌兔族的老人兔年年參加星際旅遊一直未歸，家屬十分著急，苦尋無果。數日後，一名年輕人聲稱自己正是兔年年，因為去過藍夢星探險，神奇地返老還童了。",《迷你聯萌大冒險》,
241,藍夢星論壇,"1 本人去過藍夢星之後，力氣突然大了十倍不止，開飲料直接把瓶子擰碎，和家人提起這件事情，他們以為我在作弊，多說幾次，他們懷疑是作秀博關注，認為我精神狀態出了問題。
2 有沒有人和我一樣，去了趟藍夢星，眼睛突然有瞭望遠功能，能看清至少300米遠的書上的字？告訴我這不是幻覺，我快瘋了。
3 一……直……有……人……在……我……耳……邊……低……語……",《迷你聯萌大冒險》,
242,,人氣主播“帶你走遍星系的體貼毛毛”邀你同遊藍夢星，觀看藍夢星聖劍打撈直播現場，尋找海盜紅鬍子的寶藏。為感謝家人們的支持，毛毛特意送出聖劍打撈直播門票兩張進行抽獎，有意向參加的請給主播發私信。,《迷你聯萌大冒險》,
243,多米娜星瘋人院日記,天上的星星都掉下來了，地上的人四散逃去，好多的星星……有些在空中便發生了爆炸，數以百億計的碎片……就像這樣，轟隆隆地掉下來，砸在地上，塵土遮天蔽日，沒有人能夠呼吸。再小的星星碎片，砸到你屋子頂上，就變成了一座又一座的大山，到處都是死亡的呼號……多米娜星毀滅了！,《迷你聯萌大冒險》,
244,科學大造謠節目播報,早上好呀，現在是迷萌新聞特報。關於忽然出現的時空裂縫，科學家目前還沒找到它是什麼時候、什麼原因出現在這裡的。另外，按照科學家最近的計算結果，那個時空裂縫居然膨脹了！而且膨脹了不止一倍大！據說時空裂縫目前的大小，足以吞沒、吞沒3個星球？ ！,《迷你聯萌大冒險》,
245,迪安的求救信,塔圖星上的星際超科搜證聯盟被毀，曜靈晶失竊，懷疑有虛空勢力潛入！ SOS！快來救我！,《迷你聯萌大冒險》,
246,花小樓演唱會壓軸曲揭露！,全民偶像花小樓近日在採訪中透露，壓軸曲目正是粉絲們呼聲最高的《彼此的光》。此外，據可靠情報，演唱會當晚或許有七星驚喜到訪！請大家和小編一起期待吧！,《迷你日報》,
247,公告,嚴厲打擊非法星際運輸！近日我局抓獲數艘星際走私船隻，查獲稀有礦石14箱、瀕危植物6株、星際違禁藥品三十餘種……依照《星際法》第三章第7條，凡涉及非法運輸的相關犯罪人員都將面臨嚴峻的法律制裁，還請星際居民嚴守法律底線，共同維護星際貿易秩序！,《迷你日報》,
248,線人徵集,凡有虛空犯罪情報者，皆可通過匿名信箱與本局建立合作，詳情可登陸宇宙警局官網查看。,《宇宙警局》,
249,懸賞通緝,通緝人：辛德曼·瓦登，人稱辛德曼博士，原高曼達星機械之心學派領袖。懸賞物：超鋼度機械心臟義體一顆。,《宇宙警局》,
250,迷拉星小史,在迷拉星的熱帶叢林裡，曾經出現過以巨石建造的城市，只是因為虛空軍團侵襲，如今變成了荒蕪的遺跡。倖存的迷拉人形成一個個原始部落，探索並利用著迷拉星上豐富的動植物、礦石資源。,《迷拉科學報》,
251,方南瓜之籽,已滅亡的上古巨鷹王國，曾以方塊南瓜——呈完美立方體狀的南瓜的籽，作為貨幣進行交換。所以用於種植方塊南瓜的土地，就相當於部落的金庫，有專人把守。,《迷拉科學報》,
252,星域議會快報,近日，新一屆星域議會在索絡斯星舉辦，展出了多達三百多件來自各國科學家的新發明，但很不幸，因為一夥犯罪勢力的入侵，會議不得不被迫中止。,《兔星域見聞》,
253,電子精靈學派,電子精靈學派的科技專精方向的確是最激進的：他們主張將意識信息化，可以隨時根據需求更換人形軀體甚至異形軀體。這個學派的科學家們認為軀體不是必要的，只是一種備用的工具而已。信奉這個學派的科學家們聚集在特爾星，建立起了非常獨特的城市圈。,《兔星域見聞》,
254,廣告,你還在苦惱於無人傾訴心事嗎，你還在恐懼於秘密遭到洩露嗎，我司新推出的“守口如瓶”電子日記，互動式守護您的心理健康和隱私安全！還在猶豫什麼？快通過電子管家訂購吧！,《兔星域見聞》,
255,警告,近海處有海盜出沒，請各位冒險家小心，及時做好防護工作。,湯姆隊長,
256,勁爆消息,據傳海底有海神寶藏出現，無數冒險家紛紛前往！,《迷你日報》,
257,廣告,波波蛋糕店開業，本家招牌巧克力蛋糕史上最低價，新鮮出爐，只限當天出售，賣完即止，快來搶購吧！近日發現有一個名為大吃貨的熊姓顧客，為了搶購巧克力蛋糕，竟通宵排隊，險些引發安全事故！奉勸各位顧客理性消費，不要大量囤貨哦！有需要請移步到迷萌小鎮，波波在這裡等你！,《迷你聯萌》番劇,
258,緊急新聞,緊急新聞，暗星將於夜晚九點降臨迷萌小鎮，暗星持殺傷力巨大的機甲裝備，請各位迷萌人做好安全防護，必要時拿起武器守衛迷萌家園。,《迷你聯萌》番劇,
259,起源傳說,傳聞，只要對星星許願，當星星墜落在地化身為星靈時，願望就會實現。當熊仔第一次面對小星靈雕塑的噴泉許下一個宏大的願望時，所有人都嘲笑熊仔許的願望太不實際了。就在這時，小星靈雕塑居然動了起來。究竟發生了什麼樣的怪事？到底是願望的實現，還是神靈的降臨？讓我們走進迷萌小鎮。,《迷你聯萌》番劇,
260,胖噠工作室,傳聞，在迷萌小鎮，有一個無所不能的修理大師。迷斯拉話音未落，所有人都看向了胖噠。 “求求你了，幫我們賽車變身吧！”原來胖噠有一項特殊技能，可以將他們的交通工具直接化身為酷炫的機甲裝備，引來迷斯拉、熊孩子和兔美美的羨慕！叮叮噹當，在經歷好幾個日夜的倒騰下，胖噠終於將賽車升級成功。車庫門緩慢拉起，迷萌四子化身為帥氣威武的機甲人！,《迷你聯萌》番劇,
261,公告,迷萌露天影院開張了！迷萌露天影院開張了！今日放映的電影有《迷你世界之覺醒》、《迷你聯萌大電影》！注意，注意，請持有小汽車的乘客買票進場，小電驢、摩托車、單車等謝絕入場。,《迷你聯萌》番劇,
262,本源之碑,奧法星的魔力來自本源之碑，通過觸碰“本源之碑”使得一小部分奧法星人獲得了最初的魔法力，這就是魔法起始的傳承啊！,老魔法師,
263,關於魔法與起源之力,經魔法研究會判定:；魔力是‘起源之力’在鳳星域的另一種展現形式，其本質依舊是‘起源之力’。,《魔法學報》,
264,招募廣告,魔力（起源之力）稀少的人，想要施展魔法，達到永恆嗎？快來加入我們吧！地址：奧法星巫師俱樂部，奧法巨樹廣場右轉地下街道888號。,《巫師日報》,
265,尋物啟事,尋找名為《一與全》的魔法書，黑色，硬封皮。有重謝！,某不知名魔法師,
266,巫師力量日益壯大,"逃亡幽暗星的巫師們歷經數百年的蟄伏，現在將符篆魔法開發到了極致。
通過千奇百怪的符篆電路，巫師們造出了符篆飛車，符篆飛行器，甚至符篆冰箱！ （隨時隨地有冰飲料！）
當然，還有最為神秘的：符篆盔甲。
魔力只是能量的體現罷了，符篆電路才是萬物的終極答案！",《巫師日報》,
267,緊急新聞,尋找知曉或去過‘艾恆桑’的人，巨龍學者亦可，有意者聯繫，待遇優厚。,《魔法學報》,
268,關於人魚,傳說人魚族來自鳳星域，沒有人見過她們真正的樣子，但聽過人魚歌聲的人都會陶醉其中。,《迷你日報》,
269,求教！關於上古魔法？,如果說魔力的減弱是不可避免的，是否我們終有一天會回歸遠古文明，這也太慘了吧！,某苦惱的魔法學徒,
270,戰勝虛空,高曼達人經過不懈努力終於趕走了虛空軍團，取得戰爭的勝利，在對抗虛空軍團的過程中，高曼達人的義體科技呈現了爆發式的增長。,《兔星域年報》,
271,對義體改造說不,辛德曼博士的義體改造工程遭受到電子精靈學派的強烈反對，目前雙方就義體改造範圍的規範化進行談判。,《高曼達星球報》,
272,機械永恆,肉體羸弱，機械飛升勢在必行！,機械之心學派,
273,,朋博星原始生命遭遇了一場極強的傳染病，傳染能力極強，傳播途徑極其廣泛，以至於整個朋博星上的物種遭受了滅頂之災，唯有少數族群苟延殘喘，生物的進化進入了極其緩慢的狀態。,《使徒之書》,
274,,烈焰星的類人型智慧生物火族通過進化，如果遭遇乾旱，它們會將自己蜷起來，並關閉身體的所有新陳代謝系統，然後“耐心等待”環境改善。火族在沒水喝的情況下可以通過這種“特殊手段”存活120年。,《使徒之書》,
275,,眸天編纂的[錫紐史詩]，最近在部落流傳起來，提高了部落的識字率；多寫入一些媧與熵的故事進去，這樣部落居民們就會對使徒和神明充滿信仰。,《使徒之書》,
276,口味冰淇淋爭霸,可瑞爾新研發出的口味冰淇淋正在和隔壁以創意口味著稱的冰淇淋品牌現場對壘，究竟誰會勝過一籌呢？,《食趣星日報》,
277,棉花糖新潮流,芙洛絲研發的藍莓冰淇淋最近在食趣星刮起一股新風潮，還沒吃過的你有點跟不上潮流了哦~,《食趣星日報》,
278,烤火雞限定上線,火雞專家 托克的限定風味烤火雞又上線啦！去年沒有搶到的寶貝今年要抓緊了，不然又要再等一年啦！,《食趣星日報》,
279,最好吃的草莓,草莓，草莓，到底誰是食趣星最懂草莓的人，當然是草莓醬 貝瑞！無論是新鮮草莓，還是果乾與醬料，找貝瑞就對了！,《食趣星日報》,
280,活力麵包坊,聽著流行音樂長大的麵包不想嚐嚐嗎？聽說吃完就能覺醒舞蹈因子呢~,《食趣星日報》,
281,冬天到了,又是一年冬來到，身為食趣星冬日大使，元祥兒又起早貪黑為大家準備了好多好多特色冬季食物，吃完整個心都是暖暖的呢！,《食趣星日報》,
282,墨家銅傘,天下星的墨家銅傘是墨家工業出品的銅器，習武之人常備。可以提升臂力，防範暗器開山鑿道。,《迷你武器說》,
283,幻音RX-03,幻音RX-03是克里亞星針對虛空生物而製作的機器人，目標是消滅虛空！,《迷你武器說》,
284,牙寵的羽毛,牙寵的羽毛是牙寵臨別前送給葉小龍的道具，據說危急時刻有大用處，使用後會產生粉色高仿‘門’。,《迷你武器說》,
285,世紀對決,齊天小聖與仙界第一神將二郎神之間的對決又將打響，明日下午未時在火焰山擂台，我們不見不散！,《仙奉八卦》,
286,聖嬰闖禍,憑藉一把長槍，聖嬰又開始在仙奉星興風作浪。這次把虎心玉的珍珠簾挑了下來，不知道仙山書院會不會放他走呢？,《仙奉八卦》,
287,魔炎誤食綺蘿,冬春交際，是天宮花神的弟子綺蘿復甦的日子，沒想到卻差點被魔炎誤食，聽說守在一旁的虎嘯豐和魔炎準備打起來了。究竟打沒打起來呢？關注仙奉八卦，告訴你一手信息。,《仙奉八卦》,
288,危險的爆爆蛋（上）,“砰！”一聲巨響傳來，整個地面都跟著震動了一下。 “爆爆蛋！它怎麼會在這裡？”胖噠驚訝地說，爆爆蛋原本應該是火山才會出現的生物，因為它的外殼十分堅硬，隔熱能力強，所以一直生活在火山附近，它外形很像雞蛋，於是才有了“爆爆蛋”這個名字。爆爆蛋是一個很危險的生物，見到人類就會衝過來爆炸，沒人能抵抗得住它的爆炸傷害和爆炸後的燃燒傷害！今天的爆爆蛋更是非常狂躁，它小小的眼睛裡泛出紅光，十分不友善地看著兔美美和胖噠。,,1
289,危險的爆爆蛋（下）,"“別惹怒它！”兔美美小聲地說。她深知爆爆蛋的秉性，所以她認為不激怒爆爆蛋最好的辦法就是離開，不過今天爆爆蛋可沒有要放過他們的意思。只聽它“哼”了一聲，就朝兔美美衝了過來，與此同時，彷彿他身上的某個機關被觸動了，從身體裡不斷地射出小火球，逼的兔美美和胖噠左躲右閃。為了抵禦爆爆蛋，兔美美拿出了自己的強力吹風機，希望它能幫助爆爆蛋降溫，讓爆爆蛋脫離狂躁的狀態。爆爆蛋並沒有任何平靜下來的勢頭，不過兔美美的反擊讓爆爆蛋放下對胖噠的攻擊，開始一股腦兒得攻擊起兔美美來。
剛剛躲開爆爆蛋攻擊的胖噠，立即打開背包，拿出一個彈弓瞄準爆爆蛋，“啪”的一聲，石子精準得射中爆爆蛋的頭，爆爆蛋搖搖晃晃一會便暈倒了！胖噠與兔美美趁爆爆蛋暈倒趕緊逃了出去。",,1
290,任意門被盜,對很多人來說，今夜注定是一個不眠夜，因為在今日的生存挑戰賽中，有人偷走了任意門。星站立即被封閉，迷萌星暫時切斷了和其它星球的聯繫與傳送，但星站控制台仍舊可以被能源核心激活使用，不過只能在本星球內傳送，無法前往外星，以保證引起混亂的傢伙現在還被困在迷萌星。迷萌各大家族的長老們徹夜不眠地對白天發聲的事情進行梳理：到底是誰偷走了任意門？製造這場混亂的目的是什麼？,,1
291,,若想召喚虛空幻影，烈焰星的斷劍是必不可少的，麻煩的是有一隻巨大的黑龍整日看守它…,,1
292,,相傳迷拉星遙遠的海上有一座火山，找到火山上的祭壇，再將三大聖物——神聖果實、石人之眼、烈焰斷劍擺放上去，就可以召喚出虛空幻影…,,1
293,教你種花,用耙子開墾好土地，撒上種子，澆澆水施施肥，就是種花的全部訣竅啦。,,1
294,教你種花（進階版）,一塊塊開墾土地是不是很麻煩？我跟你講，用櫻桃馴服沃沃獸之後，再給它套上耙子，就可以騎著沃沃獸快速耕地啦！,,1
295,,長途跋涉的駱駝商隊有自己獨特的辦法找到沙漠中的綠洲進行補給和休息，也會順便與當地的村民交換一些稀有的東西，如果你發現了他們，不妨去交易看看。,不願透露姓名的冒險家/流浪大師,
296,,綠洲枯井下面會有什麼呢？怎麼才能進去呢？,不願透露姓名的冒險家/流浪大師,
297,,沙漠村民晚上喜歡睡在帳篷裡，入鄉要隨俗哦,不願透露姓名的冒險家/流浪大師,
298,,在氣體提煉裝置中燃燒樹葉生成氧氣，再用壓縮氣罐收集氧氣後製作成氧氣背包，穿上氧氣背包後就可以進入無氧氣地區探險啦~,不願透露姓名的冒險家/流浪大師,
299,工匠台的使用技巧,我昨天發現了一個不完整的工匠台，試著在上面創造了下晶體，結果你猜怎麼著？工匠台竟然修好了。生活就是這樣，處處充滿了意外之喜！,不願透露姓名的冒險家/流浪大師,
300,鎬子的妙用,鎬子可不止能用來禦敵，若發現了珍惜礦石，請第一時間揮舞起你的鎬子，敲碎礦石收進背包！要知道在野外，礦石不止意味著財富，還意味著生機！,不願透露姓名的冒險家/流浪大師,
301,萬物皆可融！,只要有燃料，再找到一個爐子，把任何你想丟的材料丟進爐子裡，就可以靜待奇蹟發生了！試試看吧~,不願透露姓名的冒險家/流浪大師,
302,美食家養成記,在野外這樣艱苦的環境中，多少還是有值得期待的事的，比如說開發一些原汁原味的美食。架起篝火，在上面放鍋，鍋內放入食材，不多時美味佳餚就做好了。可別說缺少調味之類的喪氣話，這樣鮮美的食材，在城裡可吃不到呢！,不願透露姓名的冒險家/流浪大師,
303,珍貴的符文石,直到今天，我還常想起那個只有一面之緣的陌生冒險家，是他教會我用對應符文石在防具、工具、武器上隨機激活特殊屬性，這對我的冒險之旅提供了莫大的幫助。希望這支漂流瓶可以將我的謝意傳遞，幫助更多的冒險家們！,不願透露姓名的冒險家/流浪大師,
304,神秘的交易,若你在空島上遇到形跡可疑的人，不要害怕，他正是各種珍惜材料的中間商，只有你沒有聽說過的，沒有他不知道的。準備好錢袋或罕見的材料，一樁神秘的交易隨時可以開啟……,不願透露姓名的冒險家/流浪大師,
305,白日庇佑,野人是一個神奇的物種，白日的刺眼陽光對他們來說，就像深不見底的黑暗對人類一樣，充滿了危險的信號。而一到太陽落山，他們就會自如地披著夜色進行殘忍野蠻的勾當，燒殺搶掠，無惡不作。所以，親愛的旅人們，若在野外時太陽下山，請小心行事，最好找到安全的停腳處稍作歇息，等天亮再出發。,不願透露姓名的冒險家/流浪大師,
306,用魔法打敗魔法,想要馴服一個野人分為三步：1、等待：等待野人圍著篝火跳舞、吃燒烤，等待他們吃完後開始睡覺，這或許要花去整個馴服過程的一半時間。 2、驅魔：使用巫術骨鎚敲擊睡夢中的野人，以驅散身上的黑暗詛咒。 3、當野人想吃飯時給他飯，這時，他就會變成你最忠實的伙伴。,不願透露姓名的冒險家/流浪大師,
307,神奇的三角門殘片,我不知道自己是不是第一個撿到三角門殘片的冒險家，但它神奇的記憶功能讓我嘆為觀止，空間的穿梭力量彷彿源自上古時代，替旅人節約了多少腳程！這樣強大的物件若是拼出了整體，會給這片大陸帶來進步，還是災難呢？,不願透露姓名的冒險家/流浪大師,
308,迷拉星物種研究,我到過太多個星球，但從未見過像迷拉星這般神秘又充滿生機的地方，無數聞所未聞，見所未見的動植物在我的眼前一一掠過。我想，這樣一個適宜生靈居住生長的星球，應當有人進行記錄和研究……我在迷拉星的冒險，這一刻，才剛剛開始。,不願透露姓名的冒險家/流浪大師,
309,熱，實在是太熱了,那是我第一次踏上烈焰星的土地，即使穿了厚厚一層防護服，灼熱的溫度依然讓人恐懼。嚮導說這個季節已經算是烈焰星的冬季，是岩漿怪物們最虛弱的季節。若是在夏季時登陸，哪怕經驗最老道的冒險家，也熬不過幾個小時。出於對岩漿怪物的恐懼，我們並沒有久留，但那無孔不入的熱感，卻像充滿怨恨的鬼魂一般追隨我跨域了好幾個星球，成為我冒險生涯中屈指可數的糟糕記憶之一……,不願透露姓名的冒險家/流浪大師,
310,礦產挖掘機密,萌眼星是所有礦藏商人夢中的星球，傳說中，哪怕只開採一棵樹那麼大的面積，也足以讓一個流浪漢變成聞名城邦的富人。可遺憾的是，萌眼星上稀薄的大氣條件阻止了開採這種耗時長危險度高的活動。也因此，萌眼星保留了相當完善的礦物生態，成為了萌眼一族的專屬世外桃源。,不願透露姓名的冒險家/流浪大師,
311,美麗危機,千萬別被羽蛇神的美麗外表蠱惑了！雨林深處的危險總是用絢麗色彩包裹，我和戰友一路經過雨林之眼前往神龕，去不料在神廟處驚擾了羽蛇神，哦，我可憐可敬的戰友，我將永遠銘記你……,不願透露姓名的冒險家/流浪大師,
312,來自遠古的呼喚,在萌眼星祭壇擺放星銅石塊、紫螢石塊、鎢金塊、琥珀塊，可以召喚石巨人，這究竟是魔法的力量還是自然的神奇？對於未知的敬畏，讓所有生靈都擁有了屬於自己的生命密碼，區別只在於外人是否能破譯。,不願透露姓名的冒險家/流浪大師,
313,攢攢總會有的,人人都說巧婦難為無米之炊，所以無論你是在森林，平原，冰原雪地還是沙漠，多砍樹總是沒錯。,,1
314,道具變變變,一生二，二生三，三生萬物。從木材開始，你就可以擁有自己的製作台了，製作台能製造多少種道具呢？我想這個數字是無限的。,,1
315,快樂的牧人,最近小動物們都在茁壯成長，就是飼料是不是該升級了？加工飼料功能的話，對於動物的生長時長也有所影響哦！那你要和我一起做撿屎工嗎？,,1
316,開荒吧！少年,開墾、種地、養樹養花、飼樣動物，把一方小小土地變成自己的家園是一件多麼幸福的事情呀。面朝大海，春暖花開的生活，也不僅僅是存在於詩句裡呢。,,1
317,蝴蝶飛呀飛,紅色象徵熱情，粉色代表純真，黃色是希望。這些翩翩飛舞的蝴蝶多麼地快樂呀，什麼時候也能成為像它們一樣單純快樂地生物呢？留住一隻蝴蝶，是不是就可以留住一段快樂的時光？,,1
318,,在深海裡，一艘海盜船正破浪前進，船帆畫著海盜圖標，十分張揚，看上去很危險，不知道誰會這麼倒霉碰到它。,,1
319,,漁村的燈塔在夕陽輝照下格外耀眼，這裡的村民樸實勤勞，靠釣魚曬魚為生。,,1
320,,在遙遠的海洋深處，有一個神秘的紅土島，島上有奇特的植物和動物，聽說島上的菠蘿和椰子還可以爆炸！迷斯拉和熊孩子決定，要去一探究竟，看看紅土島上到底有什麼。,,1
321,,今天釣到了10條魚，這是自從學會釣魚以來最好的成績了，我得好好慶祝一下，辦個派對吧，把我所有的好朋友都叫過來，嗯嗯，就這麼辦，讓他們都來看看我的成績，如果是這樣的話，我最好是建個玻璃魚缸，把這些魚都放進去，放在派對中央，讓所有人都能夠一眼看到，嗯嗯，這可真是個好主意~我可真佩服我自己~,請叫我釣神,
322,,村子裡的大力釣魚釣到了藏寶圖，他打開藏寶圖仔細研究，試圖去尋找坐標上的藏寶地。經過艱苦跋涉，終於找到了藏寶圖上的寶藏。他很好奇藏寶圖是誰畫的，也不知道還會不會這麼幸運可以找到其它藏寶圖。於是他又開始了漫長但並不無聊的釣魚。,,1
323,,船舵可以控制船移動，引擎為船提供燃料，螺旋推進器控制船的轉向。在浩瀚的海洋裡，一隻船是多麼渺小。可是，這隻船卻能乘風破浪！,,1
324,,水壓過大時不僅氧氣消耗量增大，物品也容易破碎。,,1
325,,漁村里的村民告訴遊客，如果想要進入深海，最好準備好一套潛水服，它可以幫助人在水下呼吸、活動、看清周圍的事物，還可以保護人不受水壓的傷害，也能幫助人更快得移動。如果有條件還可以準備一些武器，比如水壓炮和鯊魚弓，畢竟深海可是很危險的呀！,,1
326,,"海靈守衛的攻擊力非常強，但是用海靈變身石變身之後可以躲過海靈守衛的攻擊。第二天，奇奇和康康他們在深海找到一艘沉船，他們看見船身上有一個牌子，上面寫著：海靈守護，請勿靠近。
“什麼是海靈守衛呢？”
“它們可厲害了！沒人打得過它們！”
“我要變成海靈守衛！”“我要變成海靈守衛！”……於是孩子們七嘴八舌地嚷嚷起來。
正在這時，一道金光射來……",,1
