ID,任务名,任务描述,任务追踪
ID,Name,Desc,TrackDesc
1001001,신성한 과일을 놓으십시오,"삶의 받침대에 @item_587#@1을 놓으십시오#r(""Sacred Fruit""은 ""The Past""의 가장 뛰어난 유전자 변형 기술을 나타냅니다.)",라이프 스톤에 @item_587 배치
1001002,불타는 부서진 검을 놓으십시오.,"용기의 돌 위에 @item_588#@1을 놓으십시오#r(""Flame Broken Sword""는 ""전자""와 ""흑룡"" 사이의 장기적인 협력의 상징입니다.)",용기의 돌에 @item_588#을 놓으십시오.
1001003,돌맨의 눈을 넣어,"지혜의 돌에 @item_589#@1을 놓으십시오#r(""The Eye of the Stone Man""은 ""The Old Man""이 한때 자랑스러웠던 인공지능을 나타냅니다.)",지혜의 돌에 @item_589#배치
1001004,배틀 보이드 팬텀!,보이드의 유령을 물리치십시오! #r(미니 우주를 위해 되돌릴 수 없습니다!),공허의 유령을 물리치십시오!
1001005,공허에 연락,@item_11333##r 받으세요... 새로운 시작? ...),@item_11333을 받으세요
1002001,미라로 돌아가기,"마침내, 그들은 지구에 안전하게 도착했습니다. #r 하지만 그들이 스타 체인 봉쇄를 돌파했을 때, 팀 전체가 부서졌습니다. 지구에 도착한 다른 파트너가 있는지 모르겠어요?",미라에 도착
1002002,돌이 필요해,수집 @item_110#Get @item_11627#@1 #r (수집할 돌을 길게 누르면 제어판을 열고 처리 인터페이스에서 @item_104#get @item_11627#을 처리할 수도 있습니다.),캡처 @item_110#캡처 @item_11627#@1
1002003,더 많은 재료,가지를 모아서 @item_11006#@1을 얻으십시오#r(가지를 길게 눌러 모으십시오. 일부 나무 가지는 비교적 높은 곳에서 자라며 어떤 방법으로 자신을 밀어 올릴 수 있습니까?),트리에서 @item_11006#@1 가져오기
1002004,좋은 삶을 시작하세요~,@item_11627# 및 @item_11006#을 사용하여 @item_11002# 1을 처리합니다#r(편리한 도구는 리소스를 더 빨리 수집할 수 있음),제어판 가공 열기 @item_11002
1002005,벌목 잭,"핸드헬드 @item_11002#, 트렁크 수집! @item_11323#@1#r (@item_11323#은 앞으로의 여정에서 매우 중요합니다)",나무 자르기 컬렉션 @item_11323#@1
1002006,건설 전문가,@item_11323#을 사용하여 @item_206#@1#r 처리하십시오(@item_206#을 제외하고 대부분의 나무 소품은 @item_11323#을 사용해야 하며 더 많이 수집할 수 있습니다).,가공 @item_206#@1
1002007,살 곳,@item_206#@1#r(방금 온 스타 스테이션 근처에 고장난 집이 있는 것 같습니다. @item_206#로 수리할 수 있으므로 생활에 대해 걱정할 필요가 없습니다.),@item_206#@1을 배치하십시오.
1002008,자신을 무장하세요.,@item_11323#과 @item_11627#를 사용하여 @item_12012#@1#r(야외 생존은 항상 위험합니다. 핸디한 무기는 꼭 필요합니다!)를 가공하십시오.,@item_12012#@1 을 가공하십시오.
1002009,해!,어떤 생물체든 물리치세요#r (최고의 방어는 공격입니까? 갓 만든 무기를 사용해 보세요. 기분이 어때요?),모든 생물을 물리치다 @1
1002010,어둠 속의 빛!,@item_11006# 및 @item_11226#을 사용하여 @item_298#@1을 처리하십시오#r(참고! 작은 토치는 연소 시간이 제한되어 있어 꺼지면 다시 켜야 하지만 임시 조명 도구 역할을 하는 것은 전혀 문제가 되지 않습니다),가공 @item_298#@1
1002011,모닥불,"@item_298 #을 사용하여 @item_1200#1 #r (스타 스테이션 근처의 부서진 집에 기성품 @item_1200 #이 있을 수도 있고, 직접 처리할 수도 있습니다.)",점화 @item_1200
1002012,장인,"@item_11323#및 @item_11627 #을 사용하여 @item_800#@1 #r(공예가 테이블, 여행과 집에 필수! 와우~ 더 많은 항목을 처리할 수 있습니다)",가공 @item_800
1002013,생존을 위한 필수품,@item_12600#및 @item_11226 #을 사용하여 @item_828#@1을 처리하십시오#r(처리 시 @item_800 #을 사용해야 합니다. 처리 후 @item_828 #을 안전한 곳에 두는 것을 잊지 마십시오. 근처에 위협이 있으면 잠을 잘 수 없습니다!),가공@item_828#@1
1002014,푹 쉬세요,"자려면 @item_828#을 사용하세요#r (누우려면 @item_828#을 클릭하세요, 낮에는 잠을 잘 수 없고, 밤까지 기다려야 합니다. 미라의 밤은 20:00에 시작합니다. 시간에 유의하십시오.)",배치된 @item_828#수면을 클릭하십시오.
1003001,"BBQ, 향기로운!","캠프파이어에 @item_12513#을 올려놓고 @item_12514#@1#r(동물이 떨어뜨린 고기는 대부분 구울 수 있고, 야생에서 직접 날고기를 먹는 것도 매우 위험하니 먹기 전에 구워주세요!)",@item_1200#을 사용하여 @item_12514#@1을 얻으십시오.
1003002,바비큐로 정복,@item_12514를 먹고 힘을 되찾으세요 @1#r(먹고 나면 힘이 넘칩니다!),음식 @item_12514
1003003,광물 적,@item_11627# 및 @item_11006#로 @item_11012##r 처리 (@item_11012#로 광물을 더 빨리 수집하려면 빈손으로 채굴하는 것이 너무 고통스럽습니다!),가공 @item_11012#@1
1003004,새로운 에너지?,@item_11012#파기 @item_402#get @item_11201#@1 #r (@item_11201 #은 지상과 지하 모두에서 Myra에서 가장 일반적인 제련 연료입니다. 주의를 기울이십시오.),@item_402#@1 캡처
1003005,새로운 광물!,핸드헬드 @item_11012#dig @item_451#@1 #r (@item_451 #은 Myra에 널리 분포되어 있으며 지상과 지하에서 많은 생산이 이루어지고 있습니다),@item_451#@1 캡처
1003006,제련 테이블 프로세서,@item_11226# 및 @item_101#을 사용하여 @item_802# 1을 처리하십시오#r(@item_802#로 금속을 제련할 수 있습니다. 시간에 도구를 업그레이드할 시간입니다),가공 @item_802#@1
1003007,금속 제련: 황동,"@item_802#에서 연료를 사용하여 @item_451#을 추출하고 @item_11329#을 정제합니다.@1#(@item_11329#은 매우 기본적인 금속으로 광범위하게 사용될 수 있으며, 먼저 도구를 업그레이드하여 효율성을 높일 수 있습니다.)",@item_11329#은1# 용광로에서 추출할 수 있습니다.
1003008,더 편리한 도구,@item_11329#및 @item_11006#을 사용하여 @item_11011#1을 처리합니다#r(처리 시 @item_800#을 사용해야 합니다. @item_11011#에서는 채굴 속도가 같을 수 없습니다!),가공 @item_11011#@1
1003009,야생에서의 생존의 첫 번째 교훈,"""새로운 탐험가"" 목표의 모든 작업을 완료하십시오. #r (저는 야생에서 가장 기본적인 생존 수단을 배웠습니다. 이제 서로에게서 추론을 이끌어낼 때입니다. 공허의 유령의 속임수는 산산조각이 나지 않았으니 더 열심히 하세요!)",새로운 탐색기 목표의 모든 미션 완료
1004001,농사의 시작,@item_11627#및 @item_11006#을 사용하여 @item_11032#@1#r 처리합니다(이것으로 농지를 경작할 수 있음).,가공 @item_11032#@1
1004002,경작지 경작,핸드헬드 @item_11032#@item_100#또는 @item_101 #을 사용하여 경작지로 만들기 @1 #r (PC 끝은 정사각형과 정렬되고 오른쪽 버튼을 길게 누르고 모바일 끝은 정사각형을 길게 눌러 경작지를 경작합니다),핸드헬드 @item_11032 #경작 @1
1004003,그레인 킹,그래서 @item_11400#on @item_102#@1 #r (@item_11400 #을 누르고 @item_102 #를 클릭하여 심습니다),파종 @item_11400
1004004,수정,농작물에 @item_11311#@1을 사용하면 대부분의 식물의 성장 속도를 높일 수 있지만 모든 수정이 성공할 수는 없습니다. #r..),작물에 @item_11311#@1 사용
1004005,큰 수확!,수확 익은 @item_229#@1#r (첫 수확은 언제나 잊을 수 없는 것입니다),수확 @item_229
1004006,요리하는 첫번째 단계,@item_104#을(를) 사용하여 @item_200108#을(를) 가공합니다. (가공할 때 @item_800#을(를) 사용해야합니다. @item_298#으로(로) 불을 붙일 수 있습니다. 기억나시나요? @item_200108#을(를) 불에 올린 @item_1200# 위에 놓으면 더 많은 음식을 만들 수 있습니다.),@item_200108#을(를) 가공합니다.
1004007,원료 준비,@item_229#를 사용하여 @item_344#@1을 처리합니다#r(가공은 @item_800#.@item_344#를 사용해야 합니다. 많은 요리의 기본 원료입니다.),가공 @item_344
1004008,맛있게 완성됩니다(@),@item_12502#@1을(@)요리하십시오(@)@item_200108#에서@item_344#을 사용하여(@)그리고 맛이 나올 때까지 기다리십시오(@),@item_200108#에서@item_12502#@1을(@)요리하세요(@)
1004009,잔치,@item_12502#@1 먹기#r(배불러야 열심히 할 수 있다!),음식 @item_12502
1004010,배낭은 그것을 잡을 수 없습니다!,@item_11323#및 @item_11006#을 사용하여 @item_1180#@1을 처리합니다#r(백팩에 넣을 수 없는 항목은 보관함에 보관할 수 있음),가공 @item_1180
1004011,강한 적으로부터 방어,"@item_11323# 및 @item_11006#을 사용하여 @item_812#를 처리하고 @1을 배치하십시오#r (집을 문에 설치한 후에는 출입을 용이하게 할 뿐만 아니라 괴물이 집에 들어오는 것을 방지할 수 있습니다. 하지만 조심하세요, @item_812#는 야만인에 의해 파괴될 수 있습니다!)",처리 및 배치 @item_812#@1
1004012,요새,@item_11323 #을 사용하여 @item_821 #을 처리하고 @1을 배치합니다#r(@item_821#포인트가 이미 배치되었습니다 @item_821#연결할 수 있습니다),처리 및 배치 @item_821#@1
1004013,도시 방어 입구 및 출구,"@item_11323#, @item_11006# 및 @item_11227#을 사용하여 @item_535#를 처리하고 @1#r(@item_535#는 나무 말뚝으로 연결할 수 있으므로 몬스터가 마음대로 요새에 들어갈 수 없습니다)",처리 및 배치 @item_535
1004014,신비한 석상,"@item_104#를 사용하여 @item_596#을 처리하고 @1을 배치합니다#r (이상한 석상은 보기만 해도 이상한 느낌이 들고, 만지면 무슨 일이 생길 수 있습니다)",처리 및 배치 @item_596#@1
1004015,"자, 다시 시작","@item_596#1에 별을 줘#r(@item_596#을 클릭하고 ""별을 줘""를 선택하면 Ramey가 야생에서 사고가 발생했을 때 여기로 다시 안내할 수 있습니다)",@item_596#@1에 별을 주세요
1004016,야생의 생존 2,"""끝없는 학습"" 목표의 모든 작업을 완료하십시오. #r(생존에 대해 더 많이 배웠으니 더 나아가야 할 때입니다.)","""끝없는 학습"" 목표의 모든 작업 완료"
1004017,자연광,@item_837#@item_905# 또는 @item_907#@1#r(언제든지 꺼질 수 있는 횃불 대신 영구적으로 조명이 켜진 자연광)을 사용합니다.,처리 @item_905 # 또는 @item_907#@1
1005001,거친 피부,@item_11307#@1을 얻기 위해 사냥하십시오#r (@item_11307#을 얻기 위해서는 위버 야수나 여우를 물리쳐야 합니다. 주의 깊게 살펴봐야 합니다.),@item_11307#@1을 얻으십시오.
1005002,황동 기어!,"@item_12216#@1과 같은 황동 장비를 가공하고 착용하십시오#r(황동 장비를 교체한 후에는 구타에 더 강합니다, 하하!)",모든 황동 장비를 처리하고 착용하십시오 @1
1005003,더욱 예리한 무기입니다.,@item_11329#과 @item_11323#을 사용하여 @item_12004#을 가공합니다. 그러면 능력치가 직선적으로 상승하여 전투 능력이 향상됩니다.,@item_12004#을 가공합니다.
1005004,도둑을 잡다,보이드 사도들을 물리치고 @item_11911#@1을 얻으십시오#r (보이드 팬텀은 이 사도들의 그룹에 의존하여 창조의 힘을 훔치고 있습니다. 그들은 멈춰야 합니다!),보이드 사도를 물리치고 @item_11911#@1을 얻으십시오.
1005005,장인 테이블을 업그레이드하십시오!,업그레이드 @item_800#to @item_797#@1 #r(핸드헬드 @item_11911#@item_800 #을 클릭하여 업그레이드하고 @item_797#모든 처리 레시피를 직접 볼 수 있음),핸드헬드 @item_11911
1005006,새로운,"도구 또는 장비 수리 @1#r (@item_797# 또는 @item_800#을 사용하여 장인 책상을 클릭하여 페이지를 열고 왼쪽에서 ""Prop Reair""를 선택한 다음 수리해야 할 항목을 넣습니다.)",도구 또는 장비 수리 수행@1
1005007,제련 효율성 향상,@item_799##r @item_11329#로 처리 (더 발전된 제련대로 교체한 후 한 번에 여러 그룹의 미네랄을 제련할 수 있으며 효율성은 두 배로 증가함),가공 @item_799
1005008,더 신뢰할 수 있는 광물,수집 @item_401#1 #r (@item_401 #은 @item_451 #보다 어렵고 광물 분포가 더 깊습니다. 그것을 찾기 위해 땅에 몇 겹을 더 파야 하지만 너무 깊이 파지는 마세요),@item_401#@1 캡처
1005009,금속 제련: 미트릴,제련은 @item_11209#@1 #r(@item_11209 #로 더 내구성이 뛰어난 도구와 장비를 처리할 수 있으며 더 많은 블록을 처리할 수 있습니다. 더 많이 예약하는 것이 좋습니다.),제련 획득 @item_11209
1005010,미트릴 도구!,처리 @item_11013 #@1#r(@item_11013#광산은 @item_11011 #보다 훨씬 빠르며 보다 효율적인 능력을 위해 룬 모자이크를 사용할 수 있음),가공 @item_11013
1005011,자연의 힘,"처리 @item_785#@1#r (@item_785#를 사용하여 룬으로 상감된 도구, 무기 또는 장비를 제공하고 많은 종류의 룬 스톤이 있으며 지하에서 탐색합니다.)",가공 @item_785
1005012,룬의 힘을 자극,룬 모자이크 #r (@item_785#를 클릭하여 페이지를 열면 왼쪽에 있는 도구와 룬 스톤 중에서 자유롭게 선택할 수 있습니다. 몇 번 더 시도하면 매번 룬 모자이크가 성공하지 못합니다. 그러나 mitril 또는 더 많은 도구가 룬을 삽입할 수 있음),룬 모자이크에 @item_785# 사용
1005013,더 가세요!,"""숙련된 탐험가"" 목표에서 모든 임무를 완료하십시오. #r (당신은 이미 혼자입니다. 계속해서 자신을 강화하고 공허의 유령을 물리치십시오!)","""숙련된 탐험가"" 목표에서 모든 임무를 완료하십시오."
1006001,과거의 파편,"지하에서 @item_598을 수집하여 @item_11205#@1 #r (@item_11331 #은 @item_11205 #로 구성되어 있으며, 오래 전에 Mira 깊은 곳에 묻힌 @item_598 #이 많이 있습니다)",지하 수집 @item_598
1006002,스타링크 에너지,@item_11205#를 사용하여 @item_11331#@1을 처리합니다#r(이름에서 알 수 있듯이 @item_11331#은 스타 스테이션의 전원 공급 장치의 핵심 소품입니다),가공 @item_11331
1006003,하늘의 섬?!,"Myra의 섬 생태 #r에 발을 들여 놓으십시오(Myra의 놀라운 생태, 표면은 서스펜션에서 하늘로 분리되지만 매우 안정적인 상태로 유지됩니다).",텅 빈 섬의 생태에 발을 들여 놓으십시오.
1006004,외부인 거래,"빈 섬 상인 @item_11334#@1에서 구입#r(안젤로 사람들은 우주 어디에서나 보물을 수집하는 습관이 있으며, 동시에 높은 곳과 마찬가지로 빈 섬에서 보물을 찾을 수 있어야 합니다. 많이 가지고 있을 것입니다 @item_11334#)",스카이 머천트 @item_11334#@1에서 구입했습니다.
1006005,조립이 완료되었습니다!,처리 @item_11335#@1#r(Myra의 스타 스테이션은 기본적으로 공허에 의해 파괴됩니다. 활성화 후에도 행성 내에서만 전송될 수 있으며 순간 이동 모듈을 복원하려면 @item_11335#를 사용해야 합니다.),가공 @item_11335
1006006,복원 스타 스테이션,@item_11331#클릭 @item_594#@1을 사용하여 다시 활성화하십시오#r (활성화 후 스타 스테이션은 스타 링크 네트워크에 다시 연결할 수 있습니다. 더 많은 스타 스테이션을 활성화하는 한 훨씬 더 쉽게 이동할 수 있습니다.),@item_11331#을 사용하여 @item_594#@1을 클릭합니다.
1006007,스타 스테이션 업그레이드,@item_11335#@item_595#@1을 클릭하여 업그레이드하십시오#r (인접 행성 간 전송을 위해 @item_597 #로 업그레이드),@item_11335#클릭 @item_595 #
1006008,행성 여행의 큰 발걸음,"""스타링크 엔지니어"" 목표의 모든 미션을 완료하십시오. #r(스타 스테이션을 수리하고 나면 불꽃 별과 귀여운 눈 별로 갈 수 있으며 공허의 유령을 물리치는 데 한 걸음 더 가까워집니다.)","""스타링크 엔지니어"" 목표의 모든 미션 완료"
1007001,열대우림에 발을 들여놓다,"Myra의 열대우림 생태 #r에 발을 들여 놓으십시오. (Myra의 열대우림 나무는 키가 크고 매우 울창하며 위험으로 가득 차 있습니다. 열대우림에서 뇌우가 몰아칠 때는 외출하지 않는 것이 가장 좋고, 번개를 맞는 것은 장난이 아닙니다!)",열대우림 생태계에 발을 들여 놓으십시오.
1007002,열대우림의 핵심,파괴 @item_396 #get @item_11601 #@1 #r (일부 수정은 때때로 열대우림 나무 줄기에 침전하므로 진정하고 주의 깊게 찾아야 합니다),@item_11601#@1을 얻으십시오.
1007003,고대 키,"@item_11601#및 @item_11329 #로 처리하여 @item_11597#1 #r(@item_11597 #에는 고대 미라족의 언어가 새겨져 ""열대우림 사원""을 여는 방법을 기록함)",처리 get@item_11597#@1
1007004,열대우림 사원!,열대우림에서 @item_578#을 찾은 후 @item_11597#을 클릭하여 열대우림 사원을 활성화하고 소환합니다#r(깃털 뱀 신이 안에 있습니다!),열대우림 사원 소환
1007005,깃털 달린 뱀,"깃털 뱀 신을 물리치십시오#r (깃털 뱀 신의 탄생은 사고에서 비롯되었습니다. ""신성한 과일""은 몸 깊숙한 곳에 숨겨져 있으며 알 수 없는 수년을 거쳤습니다. ..)",깃털 달린 뱀을 물리칩니다.
1007006,신성한 씨앗,"@item_591#@1을 얻으십시오#r(""Sacred Fruit""에 퇴적된 봉인 키는 유전학을 통해 대대로 전해집니다. ..)",@item_591#@1을 얻으십시오.
1007007,인생의 기적,@item_591#을 구덩이에 심고 신성한 나무를 심는다 @1#r (신성한 나무는 다른 식물과 다르며 성장 속도를 높이기 위해 @item_11311#을 사용할 수 없으며 천천히 기다릴 수 밖에 없습니다),식물 @item_591#@1
1007008,"""삶""을 상징하는 열쇠","신성한 나무의 높이에서 모아서 @item_587#@1 #r (신성한 나무는 구름 위로 솟아 있고, 열매는 높이에서 줄기 안에서 자랍니다. 따기 과정은 매우 위험하고 주의가 필요합니다.)",@item_587#@1을 얻으십시오.
1007009,날개를 펴고 날아오르세요,처리 및 착용 @item_11591#@1#r(깃털뱀 신의 날개와 깃털은 매우 강하지만 유난히 가볍고 등에 @item_11591#을 메고 활공할 수 있습니다),가공 및 착용 @item_11591
1007010,반짝이는 나뭇잎,밤에 열대 우림에서 빛나는 나무 잎을 수집하여 @item_11596#@1을 얻으십시오#r(낮이 되면 나뭇잎의 별빛 먼지가 사라진다는 것을 기억하십시오),@item_11596#@1을 얻으십시오.
1007011,마법?,처리 @item_11569#@1#r (내장형 스파가 없으면 나무 막대기일 뿐),가공 @item_11569
1007012,마법! !!,@item_11580#과 같은 모든 직원을 처리하십시오#r(여러 유형의 스파가 있으며 야만인 성직자들은 다양한 능력을 갖기 위해 이러한 스파에 의존합니다),모든 직원 처리 @1
1007013,"커튼 콜! ""삶의 장""","""Lost in the RainForest"" 목표의 모든 미션 완료","""Lost in the RainForest"" 목표의 모든 미션 완료"
1008001,불타는 별에 도착,"화염 별에 도달하기 위해 별 정거장을 이용하세요#r (화염 별은 은하계에서 별에 가장 가까운 행성이고, 표면 온도는 매우 높으며, 거의 용암으로 덮여 있습니다. 화염 별에 가기 전에 잘 준비해야 합니다.)",스타 스테이션을 타고 불꽃 별에 부드럽게 도달
1008002,흑룡 재판 I,"고대 흑룡을 무찌르십시오! #r (흑룡은 몇 년 동안 불타는 부서진 검을 지키고 있었지만, '어스트스트스트스트'와 맺은 합의를 잊지 않고 있습니다. ""불타는 부서진 검""을 얻으려면 먼저 통과해야 합니다. 흑룡에게 당신의 힘을 증명하기 위한 재판!)",고대 흑룡을 물리치다
1008003,"""용기""를 나타내는 열쇠",@item_588##r(화염의 부서진 검이 봉인 키 중 하나를 저장했습니다. 화산 봉인을 들어 올리는 것은 필수적입니다.),@item_588을 받으세요
1008004,난이도가 높아졌습니다!,"프로세스 @item_11215#, 활성화 @item_740#, 용암 흑룡 소환",용암 드래곤 소환
1008005,흑룡 재판 II,용암 흑룡을 물리치십시오! #r(흑룡은 용암 형태로 화신하여 두 번째 시련을 시작하고 물리치고 더 강해집니다!),용암 드래곤을 물리치십시오!
1008006,난이도가 가득!,"프로세스 @item_11216#, 활성화 @item_741#, 혼돈 흑룡 소환",혼돈의 흑룡 소환
1008007,흑룡 재판,"혼란스러운 흑룡을 물리치십시오! #r(흑룡은 혼란스러운 형태로 화신되어 3단계 재판을 열었는데, 이는 가장 어려운 시험이며 적절한 준비가 필요합니다.)",혼돈의 흑룡을 물리치십시오!
1008008,Yan 게 껍질 획득,Yanyan Crab을 물리치고 @item_12605#@1을 얻으십시오#r (Yanyan Crab은 불꽃 별의 높은 온도에서 살아남을 수 있고 마그마에서 수영할 수도 있습니다. 몸에 있는 이 마법의 껍질과 떼어놓을 수 없습니다.),@item_12605#@1을 얻으십시오.
1008009,내화 백팩 장착,처리 및 착용 @item_12277#@1#r (@item_12277#불꽃별의 열기를 견딜 수 있음),가공 및 착용 @item_12277#@1
1008010,"커튼 콜! ""용기의 장""","""고대 시험"" 목표의 모든 임무 완료","""고대 시험"" 목표의 모든 임무 완료"
1009001,귀여운 눈에 도착,스타 스테이션을 타고 귀여운 아이 스타 #r(귀여운 아이 스타는 미라의 유일한 위성이며 매력적인 힘은 미라의 위성보다 훨씬 작습니다. 이 행성에 살고 있는 독특해 보이는 토착 생물들과 소통하는 것은 조금 어려워 보입니다...),스타 스테이션을 타고 귀여운 아이 스타에 부드럽게 도달
1009002,공허 침식 제거,"고대 거인들이 공허의 침식을 없애도록 도와주세요#r (고대 거인들은 공허에 의해 너무 깊이 부식되어 회복될 수 없습니다. 유일한 방법은 그들을 파괴하는 것입니다. #r 제단을 찾아서 @item_1042 #, @item_409 #, @item_449 #, @item_450#옆에 @item_408 #을 내려놓아야 합니다. 고대 거인)",고대 거인들이 공허의 침식에서 벗어날 수 있도록 도와주세요
1009003,"""지혜""를 나타내는 열쇠",@item_589#@1#r(@item_589#는 파이어 마운틴 씰의 세 가지 열쇠 중 하나를 저장한 고대 미라 사람들에게 인공 생명 분야에서 중요한 돌파구였습니다.),@item_589#@1을 얻으십시오.
1009004,"""딩딩 어드벤처""","귀여운 눈동자를 물리치고 @item_11077#@1#r (귀여운 눈동자를 구별하는 방법은 그들의 색깔을 보는 것이고, ""귀여운 눈동자""의 색깔은 하얗고, 매우 무섭지만, 그들이 뱉은 폭탄은 조심하세요)",@item_11077#@1을 얻으십시오.
1009005,싱치 스톤,@item_11077#을 사용하여 @item_11075# 1#r (@item_11075# 전에 귀여운 아이스타에서 @item_11090#을 찾아야 합니다),가공 @item_11075
1009006,귀여운 아이스타 토템 활성화,@item_11075#를 사용하여 @item_1042#@1을 활성화하십시오#r(활성화 후에는 큰 산소 영역이 생성될 수 있으며 산소 영역의 저산소증에 대해 걱정할 필요가 없습니다),@item_1042#@1 활성화
1009007,싱통 광석,"수집 @item_445 #get @item_11073 #@1#r (@item_445 #는 귀여운 아이스타의 독특한 미네랄 중 하나이며, 질감은 황동보다 훨씬 단단합니다)",@item_445 #Get @item_11073 #@1 캡처
1009008,스타 동공 드릴,처리 @item_11016 #@1#r (@item_11016 #을 처리하려면 먼저 @item_11087 #을 받아야 합니다),처리 @item_11016#
1009009,보라색 광석,@item_446#을 수집하여 @item_11074#@1을 얻으십시오#r(@item_446#은 Mengyan Star의 고유한 광물 중 하나이기도 하지만 수율이 매우 낮으며 Mengyan Star Sky Island에서는 거의 찾을 수 없습니다),@item_446 #Get @item_11074 #@1 캡처
1009010,하늘로 날아가 탈출하세요!,처리 @item_12006 #@1#r (@item_12006 #을 처리하려면 먼저 @item_11088 #을 받아야 합니다),가공 @item_12006#@1
1009011,"커튼 콜! ""지혜의 장""","""Super'Stone' Sky Rescue"" 목표의 모든 미션을 완료하십시오.","""Super'Stone' Sky Rescue"" 목표의 모든 미션을 완료하십시오."
2001001,돌도끼 1세,처리 @item_11002#@1#r(주로 소모품 @item_11006# 및 @item_11627#에서 처리),가공 @item_11002
2001002,돌도끼 II,처리 @item_11002#@1#r(주로 소모품 @item_11006# 및 @item_11627#에서 처리),가공 @item_11002
2001003,황동 도끼 1,처리 @item_11001#@1#r(주로 소모품 @item_11006#및 @item_11329#에서 처리),가공 @item_11001
2001004,황동 도끼 II,처리 @item_11001#@1#r(주로 소모품 @item_11006#및 @item_11329#에서 처리),가공 @item_11001
2001005,미트릴 도끼 1세,처리 @item_11003#@1#r(주로 소모품 @item_11006#및 @item_11209#에서 처리),가공 @item_11003
2001006,미트릴 액스 II,처리 @item_11003#@1#r(주로 소모품 @item_11006#및 @item_11209#에서 처리),가공 @item_11003
2001007,티타늄 도끼 I,처리 @item_11004#@1#r(주로 소모품 @item_11006#및 @item_11330#에서 처리),가공 @item_11004
2001008,티타늄 도끼 II,처리 @item_11004#@1#r(주로 소모품 @item_11006#및 @item_11330#에서 처리),가공 @item_11004
2001009,전기톱 Ⅰ,@item_11005#을(를) 가공하여 @item_11203#과 @item_11911#을 소모하여 제작합니다.,@item_11005#을(를) 가공합니다.
2001010,전기톱Ⅱ,@item_11005#을(를) 가공합니다.@1#r(주요 재료로 @item_11203#과 @item_11911#를 사용하여 제작됩니다),@item_11005#을(를) 가공합니다.@1
2001011,스톤 삽 1,처리 @item_11022#@1#r(주로 소모품 @item_11006# 및 @item_11627#에서 처리),가공 @item_11022#@1
2001012,스톤 삽 II,처리 @item_11022#@1#r(주로 소모품 @item_11006# 및 @item_11627#에서 처리),가공 @item_11022#@1
2001013,황동삽 I,처리 @item_11021#@1#r(주로 소모품 @item_11006#및 @item_11329#에서 처리),가공 @item_11021
2001014,황동삽,처리 @item_11021#@1#r(주로 소모품 @item_11006#및 @item_11329#에서 처리),가공 @item_11021
2001015,미트릴 삽 I,처리 @item_11023#@1#r(주로 소모품 @item_11006# 및 @item_11209#에서 처리),가공 @item_11023#@1
2001016,미트릴 삽 II,처리 @item_11023#@1#r(주로 소모품 @item_11006# 및 @item_11209#에서 처리),가공 @item_11023#@1
2001017,티타늄 합금 삽 I,처리 @item_11024#@1#r(주로 소모품 @item_11006#및 @item_11330#에서 처리),가공 @item_11024
2001018,티타늄 합금 삽,처리 @item_11024#@1#r(주로 소모품 @item_11006#및 @item_11330#에서 처리),가공 @item_11024
2001019,텅스텐 삽곡창Ⅰ,@item_11025#을(를) 가공하여 @item_11203#과 @item_11911# 소모로 주로 제작합니다.,@item_11025#을(를) 가공합니다.
2001020,钨金铲Ⅱ,"@item_11025#을(를) 가공하여 @item_11203#과 @item_11911# 소모로 제작하거나, @item_11025#을(를) 가공하여 제작합니다.",텅스텐 곡괭이Ⅱ
2001021,스톤 레이크 1세,처리 @item_11032#@1#r(주로 소모품 @item_11006# 및 @item_11627#에서 처리),가공 @item_11032#@1
2001022,스톤 레이크 II,처리 @item_11032#@1#r(주로 소모품 @item_11006# 및 @item_11627#에서 처리),가공 @item_11032#@1
2001023,황동 갈퀴 I,처리 @item_11031#@1#r(주로 소모품 @item_11006# 및 @item_11329#에서 처리),가공 @item_11031#@1
2001024,브라스 레이크 II,처리 @item_11031#@1#r(주로 소모품 @item_11006# 및 @item_11329#에서 처리),가공 @item_11031#@1
2001025,미트릴 레이크 1세,처리 @item_11033#@1#r(주로 소모품 @item_11006# 및 @item_11209#에서 처리),가공 @item_11033
2001026,미트릴 레이크 II,처리 @item_11033#@1#r(주로 소모품 @item_11006# 및 @item_11209#에서 처리),가공 @item_11033
2001027,티타늄 합금 레이크 I,처리 @item_11034#@1#r(주로 소모품 @item_11006# 및 @item_11330#에서 처리),가공 @item_11034#@1
2001028,티타늄 합금 레이크,처리 @item_11034#@1#r(주로 소모품 @item_11006# 및 @item_11330#에서 처리),가공 @item_11034#@1
2001029,钨金耙Ⅰ,@item_11035#을(를) 가공합니다@1#r(주로 소비재 @item_11203#와 @item_11911#으로 가공)|이(가) @item_11035#을(를) 가공합니다@1|텅스텐 곡사기 1,加工@item_11035#@1
2001030,텅스텐 고급 갈퀴Ⅱ,@item_11035#을(를) 가공@1#r(주로 소비재료 @item_11203#과(와) @item_11911#을(를) 소비하여 가공됨),@item_11035#을(를) 가공@1
2001031,스톤 픽 I,처리 @item_11012#@1#r(주로 소모품 @item_11006# 및 @item_11627#에서 처리),가공 @item_11012#@1
2001032,스톤 픽 II,처리 @item_11012#@1#r(주로 소모품 @item_11006# 및 @item_11627#에서 처리),가공 @item_11012#@1
2001033,브라스 픽 I,처리 @item_11011#@1#r(주로 소모품 @item_11006#및 @item_11329#에서 처리),가공 @item_11011#@1
2001034,황동 선택 II,처리 @item_11011#@1#r(주로 소모품 @item_11006#및 @item_11329#에서 처리),가공 @item_11011#@1
2001035,미트릴 곡괭이 1세,처리 @item_11013#@1#r(주로 소모품 @item_11006#및 @item_11209#에서 처리),가공 @item_11013
2001036,미트릴 곡괭이 II,처리 @item_11013#@1#r(주로 소모품 @item_11006#및 @item_11209#에서 처리),가공 @item_11013
2001037,티타늄 합금 곡괭이 I,처리 @item_11014#@1#r(주로 소모품 @item_11006# 및 @item_11330#에서 처리),가공 @item_11014
2001038,티타늄 합금 곡괭이,처리 @item_11014#@1#r(주로 소모품 @item_11006# 및 @item_11330#에서 처리),가공 @item_11014
2001039,드릴Ⅰ,@item_11015#을(를) 가공하는 방법은 대개 @item_11203#과 @item_11911#을(를) 소모하여 가공하는 것입니다.,@item_11015#을(를) 가공하는 방법은 @item_11015#을(를) 1회 가공하는 것입니다.
2001040,드릴Ⅱ,@item_11015#를 가공하여 @item_11203#과 @item_11911#을 소모하여 주로 제작합니다.,@item_11015#를 가공합니다.
2001041,스타 동공 드릴 비트 I,처리 @item_11016 #@1#r (주로 소모품 @item_11073 #에서 처리),가공 @item_11016
2001042,스타 동공 드릴 II,처리 @item_11016 #@1#r (주로 소모품 @item_11073 #에서 처리),가공 @item_11016
2002001,비옥한 구덩이,"삽 도구를 사용하여 @item_103#@1 #r(@item_11022 #, align @item_101#또는 @item_100 #과 같은 휴대용 삽 도구를 사용하여 사용 버튼을 클릭합니다(PC 측의 오른쪽 버튼을 길게 눌러 구멍을 파십시오).",삽 도구를 사용하여 @item_103#@1을 파냅니다.
2002002,촉촉한 토양,"@item_11628#to water @item_103#1 #r (@item_11617 #을 사용하여 물을 채우고, @item_11628 #을 사용하여 @item_103#또는 @item_102 #를 눌러 적시십시오)",@item_11628#을 사용하여 물 @item_103#@1
2002003,체리 트리 I,"@item_103#심기 @item_11405#@1 #r(일반적으로 초원, 숲 생태에서 자란다)",친절 @item_11405
2002004,체리 트리 II,"@item_103#심기 @item_11405#@1 #r(일반적으로 초원, 숲 생태에서 자란다)",친절 @item_11405
2002005,체리 트리 III,"@item_103#심기 @item_11405#@1 #r(일반적으로 초원, 숲 생태에서 자란다)",친절 @item_11405
2002006,소나무 1세,@item_103#@item_11406#@1 #r(일반적으로 고산 침엽수림 생태에서 재배),친절 @item_11406
2002007,소나무 II,@item_103#@item_11406#@1 #r(일반적으로 고산 침엽수림 생태에서 재배),친절 @item_11406
2002008,소나무 III,@item_103#@item_11406#@1 #r(일반적으로 고산 침엽수림 생태에서 재배),친절 @item_11406
2002009,식목 I,@item_103 #@item_11407 #@1#r(일반적으로 열대우림 생태계에서 자란다),친절 @item_11407
2002010,식목 II,@item_103 #@item_11407 #@1#r(일반적으로 열대우림 생태계에서 자란다),친절 @item_11407
2002011,식목 III,@item_103 #@item_11407 #@1#r(일반적으로 열대우림 생태계에서 자란다),친절 @item_11407
2002012,복숭아 나무 I,@item_103#@item_11409#@1 #r(일반적으로 피치트리 분지 생태학에서 재배됨),친절 @item_11409
2002013,복숭아 나무 II,@item_103#@item_11409#@1 #r(일반적으로 피치트리 분지 생태학에서 재배됨),친절 @item_11409
2002014,복숭아 나무 III,@item_103#@item_11409#@1 #r(일반적으로 피치트리 분지 생태학에서 재배됨),친절 @item_11409
2002015,포플러 1세,"@item_103#심기 @item_11410#@1 #r(일반적으로 초원, 숲 생태에서 자란다)",친절 @item_11410
2002016,포플러 II,"@item_103#심기 @item_11410#@1 #r(일반적으로 초원, 숲 생태에서 자란다)",친절 @item_11410
2002017,포플러 III,"@item_103#심기 @item_11410#@1 #r(일반적으로 초원, 숲 생태에서 자란다)",친절 @item_11410
2002018,호두 1세,@item_103@item_11411#@1#r(일반적으로 빈 섬에서 재배)에 심기,친절 @item_11411
2002019,호두 II,@item_103@item_11411#@1#r(일반적으로 빈 섬에서 재배)에 심기,친절 @item_11411
2002020,호두 III,@item_103@item_11411#@1#r(일반적으로 빈 섬에서 재배)에 심기,친절 @item_11411
2002021,삼나무 1세,@item_103#@item_11412#@1 #r(일반적으로 맹그로브 생태학에서 재배됨),친절 @item_11412
2002022,삼나무 II,@item_103#@item_11412#@1 #r(일반적으로 맹그로브 생태학에서 재배됨),친절 @item_11412
2002023,삼나무 III,@item_103#@item_11412#@1 #r(일반적으로 맹그로브 생태학에서 재배됨),친절 @item_11412
2002024,Populus euphratica I,@item_103#@item_11421#@1 #r(일반적으로 사막 생태학에서 재배됨),친절 @item_11421
2002025,Populus euphratica II,@item_103#@item_11421#@1 #r(일반적으로 사막 생태학에서 재배됨),친절 @item_11421
2002026,Populus euphratica III,@item_103#@item_11421#@1 #r(일반적으로 사막 생태학에서 재배됨),친절 @item_11421
2002027,젠무 1세,@item_137 #@item_11408 #@1 #r (보통 사랑스러운 별에서 자란다),친절 @item_11408
2002028,젠무 2세,@item_137 #@item_11408 #@1 #r (보통 사랑스러운 별에서 자란다),친절 @item_11408
2002029,젠무 3세,@item_137 #@item_11408 #@1 #r (보통 사랑스러운 별에서 자란다),친절 @item_11408
2002030,바나나 나무 I,@item_103 #@item_383 #@1#r(일반적으로 열대우림 생태계에서 자란다),친절 @item_383
2002031,바나나 나무 II,@item_103 #@item_383 #@1#r(일반적으로 열대우림 생태계에서 자란다),친절 @item_383
2002032,바나나 나무 III,@item_103 #@item_383 #@1#r(일반적으로 열대우림 생태계에서 자란다),친절 @item_383
2002033,코코넛 1세,@item_103#@item_295 #@1 #r(일반적으로 해변 생태계에서 자란다),친절 @item_295
2002034,코코넛 II,@item_103#@item_295 #@1 #r(일반적으로 해변 생태계에서 자란다),친절 @item_295
2002035,코코넛 III,@item_103#@item_295 #@1 #r(일반적으로 해변 생태계에서 자란다),친절 @item_295
2002036,선인장 1세,@item_103 #@item_11420 #@1#r(일반적으로 사막 생태학에서 재배됨),친절 @item_11420
2002037,선인장 II,@item_103 #@item_11420 #@1#r(일반적으로 사막 생태학에서 재배됨),친절 @item_11420
2002038,선인장 III,@item_103 #@item_11420 #@1#r(일반적으로 사막 생태학에서 재배됨),친절 @item_11420
2003001,도라지 1세,"@item_103#심기 @item_431#@1 #r (@item_300#보통 초원, 복숭아 나무 분지 및 기타 생태계에서 자랍니다)",친절 @item_431
2003002,도라지 II,"@item_103#심기 @item_431#@1 #r (@item_300#보통 초원, 복숭아 나무 분지 및 기타 생태계에서 자랍니다)",친절 @item_431
2003003,도라지 III,"@item_103#심기 @item_431#@1 #r (@item_300#보통 초원, 복숭아 나무 분지 및 기타 생태계에서 자랍니다)",친절 @item_431
2003004,루올란 1세,"@item_103#심기 @item_432#@1 #r (@item_301#보통 숲, 침엽수림 등에서 자랍니다.)",친절 @item_432
2003005,루올란 2세,"@item_103#심기 @item_432#@1 #r (@item_301#보통 숲, 침엽수림 등에서 자랍니다.)",친절 @item_432
2003006,루올란 3세,"@item_103#심기 @item_432#@1 #r (@item_301#보통 숲, 침엽수림 등에서 자랍니다.)",친절 @item_432
2003007,스타 플라워 I,"@item_103#심기 @item_433#@1 #r (@item_302 #는 보통 빈 섬, 절벽 등에서 자랍니다.)",친절 @item_433
2003008,스타 플라워 II,"@item_103#심기 @item_433#@1 #r (@item_302 #는 보통 빈 섬, 절벽 등에서 자랍니다.)",친절 @item_433
2003009,스타 플라워 III,"@item_103#심기 @item_433#@1 #r (@item_302 #는 보통 빈 섬, 절벽 등에서 자랍니다.)",친절 @item_433
2003010,드래곤 블러드 플라워 I,"@item_103#심기 @item_434#@1 #r (@item_303#보통 대나무 숲 분지, 복숭아 나무 분지 및 기타 생태계에서 자랍니다)",친절 @item_434
2003011,드래곤 블러드 플라워 II,"@item_103#심기 @item_434#@1 #r (@item_303#보통 대나무 숲 분지, 복숭아 나무 분지 및 기타 생태계에서 자랍니다)",친절 @item_434
2003012,드래곤 블러드 플라워 III,"@item_103#심기 @item_434#@1 #r (@item_303#보통 대나무 숲 분지, 복숭아 나무 분지 및 기타 생태계에서 자랍니다)",친절 @item_434
2003013,히아신스 1세,"@item_103#심기 @item_435#@1 #r (@item_304#보통 정글, 숲 및 기타 생태계에서 자랍니다)",친절 @item_435
2003014,히아신스 2세,"@item_103#심기 @item_435#@1 #r (@item_304#보통 정글, 숲 및 기타 생태계에서 자랍니다)",친절 @item_435
2003015,히아신스 3세,"@item_103#심기 @item_435#@1 #r (@item_304#보통 정글, 숲 및 기타 생태계에서 자랍니다)",친절 @item_435
2003016,드래곤 클로 I,@item_103#@item_436#@1 #r (@item_305#보통 절벽 생태학에서 자란다),친절 @item_436#@1
2003017,용의 발톱 II,@item_103#@item_436#@1 #r (@item_305#보통 절벽 생태학에서 자란다),친절 @item_436#@1
2003018,드래곤 클로 III,@item_103#@item_436#@1 #r (@item_305#보통 절벽 생태학에서 자란다),친절 @item_436#@1
2003019,옐로우 벨 플라워 I,"@item_103#심기 @item_443#@1 #r (@item_312#보통 초원, 정글 및 기타 생태계에서 자랍니다)",친절 @item_443
2003020,옐로우 벨 플라워 II,"@item_103#심기 @item_443#@1 #r (@item_312#보통 초원, 정글 및 기타 생태계에서 자랍니다)",친절 @item_443
2003021,노란 종꽃 III,"@item_103#심기 @item_443#@1 #r (@item_312#보통 초원, 정글 및 기타 생태계에서 자랍니다)",친절 @item_443
2003022,드라카에나 1세,"@item_103#심기 @item_437#@1 #r (@item_306#보통 늪, 열대우림 등에서 자랍니다.)",친절 @item_437
2003023,드라카에나 2세,"@item_103#심기 @item_437#@1 #r (@item_306#보통 늪, 열대우림 등에서 자랍니다.)",친절 @item_437
2003024,드라카에나 3세,"@item_103#심기 @item_437#@1 #r (@item_306#보통 늪, 열대우림 등에서 자랍니다.)",친절 @item_437
2003025,레드 데킬라 1세,"@item_103#심기 @item_438#@1 #r (@item_307#보통 빈 섬, 후기 섬 및 기타 생태계에서 자랍니다)",친절 @item_438
2003026,레드 데킬라 II,"@item_103#심기 @item_438#@1 #r (@item_307#보통 빈 섬, 후기 섬 및 기타 생태계에서 자랍니다)",친절 @item_438
2003027,레드 데킬라 3세,"@item_103#심기 @item_438#@1 #r (@item_307#보통 빈 섬, 후기 섬 및 기타 생태계에서 자랍니다)",친절 @item_438
2003028,오렌지 데킬라 1세,"@item_103#심기 @item_439#@1 #r (@item_308#보통 대나무 숲 분지, 후기 섬 및 기타 생태계에서 자랍니다)",친절 @item_439
2003029,오렌지 데킬라 II,"@item_103#심기 @item_439#@1 #r (@item_308#보통 대나무 숲 분지, 후기 섬 및 기타 생태계에서 자랍니다)",친절 @item_439
2003030,오렌지 아가베 III,"@item_103#심기 @item_439#@1 #r (@item_308#보통 대나무 숲 분지, 후기 섬 및 기타 생태계에서 자랍니다)",친절 @item_439
2003031,그레이 데킬라 1세,"@item_103#심기 @item_440#@1 #r (@item_309 #는 보통 절벽, 후기 섬 등에서 자랍니다.)",친절 @item_440
2003032,회색 데킬라 II,"@item_103#심기 @item_440#@1 #r (@item_309 #는 보통 절벽, 후기 섬 등에서 자랍니다.)",친절 @item_440
2003033,그레이 아가베 III,"@item_103#심기 @item_440#@1 #r (@item_309 #는 보통 절벽, 후기 섬 등에서 자랍니다.)",친절 @item_440
2003034,핑크 데킬라 1세,"@item_103#심기 @item_441#@1 #r (@item_310#보통 복숭아나무 분지, 후기 섬 및 기타 생태계에서 자랍니다)",친절 @item_441
2003035,핑크 데킬라 II,"@item_103#심기 @item_441#@1 #r (@item_310#보통 복숭아나무 분지, 후기 섬 및 기타 생태계에서 자랍니다)",친절 @item_441
2003036,핑크 데킬라 III,"@item_103#심기 @item_441#@1 #r (@item_310#보통 복숭아나무 분지, 후기 섬 및 기타 생태계에서 자랍니다)",친절 @item_441
2003037,화이트 코코넛 1세,@item_103#@item_442#@1 #r (@item_311#보통 침엽수림 생태계에서 자란다),친절 @item_442
2003038,화이트 코코넛 II,@item_103#@item_442#@1 #r (@item_311#보통 침엽수림 생태계에서 자란다),친절 @item_442
2003039,화이트 코코넛 III,@item_103#@item_442#@1 #r (@item_311#보통 침엽수림 생태계에서 자란다),친절 @item_442
2003040,브라이어 1,"@item_103#@item_444#@1 #r (@item_313#보통 늪지, 정글 등에서 자랍니다.)",친절 @item_444
2003041,브라이어 II,"@item_103#@item_444#@1 #r (@item_313#보통 늪지, 정글 등에서 자랍니다.)",친절 @item_444
2003042,브라이어 III,"@item_103#@item_444#@1 #r (@item_313#보통 늪지, 정글 등에서 자랍니다.)",친절 @item_444
2003043,겨울 따뜻한 꽃 I.,@item_121#Planting@item_760#@1#r(@item_761#은 일반적으로 빙원 생태에서 자랍니다),종(種) @item_760 #@1
2003044,겨울 따뜻한 꽃 II,@item_121#Planting@item_760#@1#r(@item_761#은 일반적으로 빙원 생태에서 자랍니다),종(種) @item_760 #@1
2003045,겨울 따뜻한 꽃 III.,@item_121#Planting@item_760#@1#r(@item_761#은 일반적으로 빙원 생태에서 자랍니다),종(種) @item_760 #@1
2004001,옥수수 I,"식물 @item_11400#@1#r (식물 @item_11400#in @item_102 #, 성숙 후 수집하여 @item_229 #)",심기 @item_11400
2004002,옥수수 II,"식물 @item_11400#@1#r (식물 @item_11400#in @item_102 #, 성숙 후 수집하여 @item_229 #)",심기 @item_11400
2004003,옥수수 III,"식물 @item_11400#@1#r (식물 @item_11400#in @item_102 #, 성숙 후 수집하여 @item_229 #)",심기 @item_11400
2004004,고구마 I,"식물 @item_241#@1 #r (식물 @item_241#in @item_102 #, 성숙 후 수집하여 @item_241 #)",심기 @item_241
2004005,고구마 II,"식물 @item_241#@1 #r (식물 @item_241#in @item_102 #, 성숙 후 수집하여 @item_241 #)",심기 @item_241
2004006,고구마 III,"식물 @item_241#@1 #r (식물 @item_241#in @item_102 #, 성숙 후 수집하여 @item_241 #)",심기 @item_241
2004007,면화 I,"식물 @item_11419#@1 #r (식물 @item_11419#in @item_102 #, 만기 후 수집하여 @item_12600 #)",심기 @item_11419
2004008,면화 II,"식물 @item_11419#@1 #r (식물 @item_11419#in @item_102 #, 만기 후 수집하여 @item_12600 #)",심기 @item_11419
2004009,면화 III,"식물 @item_11419#@1 #r (식물 @item_11419#in @item_102 #, 만기 후 수집하여 @item_12600 #)",심기 @item_11419
2004010,거대한 스케일 깃털 I,"식물 @item_11402#@1 #r (식물 @item_11402#in @item_102 #, 만기 후 수집하여 @item_239 #)",심기@item_11402#@1
2004011,거대한 스케일 깃털 II,"식물 @item_11402#@1 #r (식물 @item_11402#in @item_102 #, 만기 후 수집하여 @item_239 #)",심기@item_11402#@1
2004012,거대한 스케일 깃털 III,"식물 @item_11402#@1 #r (식물 @item_11402#in @item_102 #, 만기 후 수집하여 @item_239 #)",심기@item_11402#@1
2004013,마크로브루커스 1세,"식물 @item_11401#@1 #r (식물 @item_11401#in @item_102 #, 만기 후 수집하여 @item_230 #)",심기 @item_11401
2004014,마크로브루커스 II,"식물 @item_11401#@1 #r (식물 @item_11401#in @item_102 #, 만기 후 수집하여 @item_230 #)",심기 @item_11401
2004015,마크로브루커스 III,"식물 @item_11401#@1 #r (식물 @item_11401#in @item_102 #, 만기 후 수집하여 @item_230 #)",심기 @item_11401
2004016,오이 1세,"식물 @item_236#@1#r (식물 @item_236#in @item_102 #, 성숙 후 수집하여 @item_236 #)",심기 @item_236#@1
2004017,오이 II,"식물 @item_236#@1#r (식물 @item_236#in @item_102 #, 성숙 후 수집하여 @item_236 #)",심기 @item_236#@1
2004018,오이 III,"식물 @item_236#@1#r (식물 @item_236#in @item_102 #, 성숙 후 수집하여 @item_236 #)",심기 @item_236#@1
2004019,쌀 I,"식물 @item_234#@1 #r (식물 @item_11404#물에 한 블록 높이, 성숙 후 수집하여 @item_234 #)",심기 @item_234
2004020,쌀 II,"식물 @item_234#@1 #r (식물 @item_11404#물에 한 블록 높이, 성숙 후 수집하여 @item_234 #)",심기 @item_234
2004021,쌀 III,"식물 @item_234#@1 #r (식물 @item_11404#물에 한 블록 높이, 성숙 후 수집하여 @item_234 #)",심기 @item_234
2004022,반대편에 파인애플 I,"식물 @item_11654#@1 #r (식물 @item_1194#in @item_150 #, 만기 후 수집하여 @item_11654 #)",@item_150#@item_1194#@1에서 성장
2004023,비욘드 파인애플 II,"식물 @item_11654#@1 #r (식물 @item_1194#in @item_150 #, 만기 후 수집하여 @item_11654 #)",@item_150#@item_1194#@1에서 성장
2004024,히건 파인애플 III,"식물 @item_11654#@1 #r (식물 @item_1194#in @item_150 #, 만기 후 수집하여 @item_11654 #)",@item_150#@item_1194#@1에서 성장
2004025,산호 I,"식물 @item_11915#1 #r @item_25#(산호는 @item_25 #, @item_29#및 @item_128 #을 제외하고 물에 심어야 합니다)",친절 @item_11915
2004026,산호 II,"식물 @item_11915#1 #r @item_25#(산호는 @item_25 #, @item_29#및 @item_128 #을 제외하고 물에 심어야 합니다)",친절 @item_11915
2004027,산호 III,"식물 @item_11915#1 #r @item_25#(산호는 @item_25 #, @item_29#및 @item_128 #을 제외하고 물에 심어야 합니다)",친절 @item_11915
2004028,인 I,식물 @item_11658#1 #r @item_23#(던져진 @item_11658 #은 발아하려면 @item_23 #의 상단 표면을 중심으로 해야 합니다),친절 @item_11658
2004029,인 II,식물 @item_11658#1 #r @item_23#(던져진 @item_11658 #은 발아하려면 @item_23 #의 상단 표면을 중심으로 해야 합니다),친절 @item_11658
2004030,인 III,식물 @item_11658#1 #r @item_23#(던져진 @item_11658 #은 발아하려면 @item_23 #의 상단 표면을 중심으로 해야 합니다),친절 @item_11658
2005001,수조 공급,가공 @item_1753,가공 @item_1753
2005002,사료,"처리 @item_11534#@1#r(사료의 종류가 다르고, 식습관이 다른 동물은 좋아하는 사료만 먹는다)",가공 @item_11534
2005003,채워진 사료 수조,@item_11534#를 @item_1753#@1에 넣으십시오#r(사료 수조가 사료로 채워진 후 주변의 포획 동물은 배고플 때 스스로 먹습니다),@item_1753#@1을 @item_11534#로 채웁니다.
2005004,건초 더미,처리 @item_822#@1#r(포유류는 @item_822# 근처에서 번식해야 함),가공@item_822#@1
2005005,두두 1세 번식,번식 낙서 새 @1#r (낙서 새는 알을 낳기 위해 @item_1019 #주변에 있어야 합니다),번식 낙서 @1
2005006,두두 2세 번식,번식 낙서 새 @1#r (낙서 새는 알을 낳기 위해 @item_1019 #주변에 있어야 합니다),번식 낙서 @1
2005007,두두 3세 번식,번식 낙서 새 @1#r (낙서 새는 알을 낳기 위해 @item_1019 #주변에 있어야 합니다),번식 낙서 @1
2005008,번식 Wobos I,번식 볼보 비스트 @1#r(볼보 비스트는 번식하기 위해 @item_822 #주변에 있어야 합니다),사육 워보스 @1
2005009,번식 Wobos II,번식 볼보 비스트 @1#r(볼보 비스트는 번식하기 위해 @item_822 #주변에 있어야 합니다),사육 워보스 @1
2005010,번식 Wowort III,번식 볼보 비스트 @1#r(볼보 비스트는 번식하기 위해 @item_822 #주변에 있어야 합니다),사육 워보스 @1
2005011,번식 부두 부두 I,번식 부두 부두 @1#r(번식하려면 부두 부두를 @item_822#로 둘러싸야 함),번식부두@1
2005012,번식부두 II,번식 부두 부두 @1#r(번식하려면 부두 부두를 @item_822#로 둘러싸야 함),번식부두@1
2005013,번식부두 III,번식 부두 부두 @1#r(번식하려면 부두 부두를 @item_822#로 둘러싸야 함),번식부두@1
2005014,뿔사슴 번식 I,뿔사슴 번식 @1#r(뿔사슴은 번식하기 위해 @item_822# 주위에 있어야 함),뿔사슴 사육@1
2005015,뿔사슴 번식 II,뿔사슴 번식 @1#r(뿔사슴은 번식하기 위해 @item_822# 주위에 있어야 함),뿔사슴 사육@1
2005016,뿔사슴 번식 III,뿔사슴 번식 @1#r(뿔사슴은 번식하기 위해 @item_822# 주위에 있어야 함),뿔사슴 사육@1
2005017,번식 여우 I,번식 여우 @1#r(여우는 번식하기 위해 @item_822 #주변에 필요함),번식여우@1
2005018,번식 여우 II,번식 여우 @1#r(여우는 번식하기 위해 @item_822 #주변에 필요함),번식여우@1
2005019,번식 여우 III,번식 여우 @1#r(여우는 번식하기 위해 @item_822 #주변에 필요함),번식여우@1
2005020,펭귄 번식 I,펭귄 번식 @1,펭귄 번식 @1
2005021,번식 펭귄 II,펭귄 번식 @1,펭귄 번식 @1
2005022,번식 펭귄 III,펭귄 번식 @1,펭귄 번식 @1
2005023,야생 타조 번식 I,야생 타조 번식 @1#r(야생 타조는 알을 낳기 위해 @item_1019 #주변에 필요),야생 타조 번식 @1
2005024,야생 타조 번식 II,야생 타조 번식 @1#r(야생 타조는 알을 낳기 위해 @item_1019 #주변에 필요),야생 타조 번식 @1
2005025,야생 타조 번식 III,야생 타조 번식 @1#r(야생 타조는 알을 낳기 위해 @item_1019 #주변에 필요),야생 타조 번식 @1
2005026,야생 얼음 곰 번식 I,야생 얼음 곰 사육 @1#r (얼음 곰은 번식하기 위해 @item_822# 주위에 있어야 합니다),야생 얼음 곰 번식 @1
2005027,야생 얼음 곰 번식 II,야생 얼음 곰 사육 @1#r (얼음 곰은 번식하기 위해 @item_822# 주위에 있어야 합니다),야생 얼음 곰 번식 @1
2005028,야생 얼음 곰 번식 III,야생 얼음 곰 사육 @1#r (얼음 곰은 번식하기 위해 @item_822# 주위에 있어야 합니다),야생 얼음 곰 번식 @1
2005029,날으는 닭 번식 I,날으는 닭 번식 @1,날으는 닭 번식 @1
2005030,날으는 닭 번식 II,날으는 닭 번식 @1,날으는 닭 번식 @1
2005031,날으는 닭 번식 III,날으는 닭 번식 @1,날으는 닭 번식 @1
2005032,싸우는 닭 번식 I,번식 배틀 치킨 @1,번식 배틀 치킨 @1
2005033,번식 배틀 치킨 II,번식 배틀 치킨 @1,번식 배틀 치킨 @1
2005034,번식 배틀 치킨 III,번식 배틀 치킨 @1,번식 배틀 치킨 @1
2005035,야생 원숭이 번식 I,야생 원숭이 번식 @1,야생 원숭이 번식 @1
2005036,야생 원숭이 번식 II,야생 원숭이 번식 @1,야생 원숭이 번식 @1
2005037,야생 원숭이 번식 III,야생 원숭이 번식 @1,야생 원숭이 번식 @1
2005038,번식 스노우 헤어 I.,번식 눈 토끼 @ 1,번식 눈 토끼 @ 1
2005039,번식 스노우 헤어 II,번식 눈 토끼 @ 1,번식 눈 토끼 @ 1
2005040,번식 스노우 헤어 III,번식 눈 토끼 @ 1,번식 눈 토끼 @ 1
2005041,번식 야크 I.,번식 야크 @ 1,번식 야크 @ 1
2005042,번식 야크 II,번식 야크 @ 1,번식 야크 @ 1
2005043,번식 야크 III,번식 야크 @ 1,번식 야크 @ 1
2006001,볼보 길들이기 I,@item_12500#을 사용하여 볼보를 길들이기 @1,@item_12500#을 사용하여 볼보를 길들이기 @1
2006002,웨이버 길들이기 II,@item_12500#을 사용하여 볼보를 길들이기 @1,@item_12500#을 사용하여 볼보를 길들이기 @1
2006003,웨이버 길들이기 III,@item_12500#을 사용하여 볼보를 길들이기 @1,@item_12500#을 사용하여 볼보를 길들이기 @1
2006004,여우 길들이기 I,@item_12052#를 사용하여 여우를 길들이십시오 @1,@item_12052#를 사용하여 여우를 길들이십시오 @1
2006005,여우 길들이기 II,@item_12052#를 사용하여 여우를 길들이십시오 @1,@item_12052#를 사용하여 여우를 길들이십시오 @1
2006006,여우 길들이기 III,@item_12052#를 사용하여 여우를 길들이십시오 @1,@item_12052#를 사용하여 여우를 길들이십시오 @1
2006007,야생 타조 길들이기 I,야생 타조를 길들이기 위해 @item_12508#을 사용하세요 @1,야생 타조를 길들이기 위해 @item_12508#을 사용하세요 @1
2006008,야생 타조 길들이기 II,야생 타조를 길들이기 위해 @item_12508#을 사용하세요 @1,야생 타조를 길들이기 위해 @item_12508#을 사용하세요 @1
2006009,야생 타조 길들이기 III,야생 타조를 길들이기 위해 @item_12508#을 사용하세요 @1,야생 타조를 길들이기 위해 @item_12508#을 사용하세요 @1
2006010,야생 얼음 곰 길들이기 I,야생 얼음 곰을 길들이기 위해 @item_12520#을 사용하세요 @1,야생 얼음 곰을 길들이기 위해 @item_12520#을 사용하세요 @1
2006011,길들이기 야생 얼음 곰 II,야생 얼음 곰을 길들이기 위해 @item_12520#을 사용하세요 @1,야생 얼음 곰을 길들이기 위해 @item_12520#을 사용하세요 @1
2006012,길들이기 야생 얼음 곰 III,야생 얼음 곰을 길들이기 위해 @item_12520#을 사용하세요 @1,야생 얼음 곰을 길들이기 위해 @item_12520#을 사용하세요 @1
2006013,길들이기 야생 애슬론 I,@item_12543#을 사용하여 야생 벨로시랩터를 길들이기 @1,@item_12543#을 사용하여 야생 벨로시랩터를 길들이기 @1
2006014,길들이기 야생 애슬론 II,@item_12543#을 사용하여 야생 벨로시랩터를 길들이기 @1,@item_12543#을 사용하여 야생 벨로시랩터를 길들이기 @1
2006015,길들이기 야생 애슬론 III,@item_12543#을 사용하여 야생 벨로시랩터를 길들이기 @1,@item_12543#을 사용하여 야생 벨로시랩터를 길들이기 @1
2006016,야생 만두 길들이기 I,@item_12576 #길들인 야생 만두 #@1 사용,@item_12576 #길들인 야생 만두 #@1 사용
2006017,야생 만두 길들이기 II,@item_12576 #길들인 야생 만두 #@1 사용,@item_12576 #길들인 야생 만두 #@1 사용
2006018,야생 만두 길들이기 III,@item_12576 #길들인 야생 만두 #@1 사용,@item_12576 #길들인 야생 만두 #@1 사용
2006019,야생 판다 길들이기 I,@item_251#을 사용하여 야생 판다를 길들이기 @1,@item_251#을 사용하여 야생 판다를 길들이기 @1
2006020,야생 판다 길들이기 II,@item_251#을 사용하여 야생 판다를 길들이기 @1,@item_251#을 사용하여 야생 판다를 길들이기 @1
2006021,길들이기 야생 판다 III,@item_251#을 사용하여 야생 판다를 길들이기 @1,@item_251#을 사용하여 야생 판다를 길들이기 @1
2006022,날으는 닭 길들이기 I,날아다니는 닭을 길들이기 위해 @item_12601#을 사용하세요 @1,날아다니는 닭을 길들이기 위해 @item_12601#을 사용하세요 @1
2006023,날으는 닭 길들이기 II,날아다니는 닭을 길들이기 위해 @item_12601#을 사용하세요 @1,날아다니는 닭을 길들이기 위해 @item_12601#을 사용하세요 @1
2006024,날으는 닭 길들이기 III,날아다니는 닭을 길들이기 위해 @item_12601#을 사용하세요 @1,날아다니는 닭을 길들이기 위해 @item_12601#을 사용하세요 @1
2006025,야생 원숭이 길들이기 I,야생 원숭이를 길들이기 위해 @item_11599#를 사용하세요 @1,야생 원숭이를 길들이기 위해 @item_11599#를 사용하세요 @1
2006026,야생 원숭이 길들이기 II,야생 원숭이를 길들이기 위해 @item_11599#를 사용하세요 @1,야생 원숭이를 길들이기 위해 @item_11599#를 사용하세요 @1
2006027,야생 원숭이 길들이기 III,야생 원숭이를 길들이기 위해 @item_11599#를 사용하세요 @1,야생 원숭이를 길들이기 위해 @item_11599#를 사용하세요 @1
2006028,길들이기 Yan Crab I,@item_12521#을 사용하여 Yan crab @1 길들이기,@item_12521#을 사용하여 Yan crab @1 길들이기
2006029,길들이기 Yan Crab II,@item_12521#을 사용하여 Yan crab @1 길들이기,@item_12521#을 사용하여 Yan crab @1 길들이기
2006030,길들이기 Yan Crab III,@item_12521#을 사용하여 Yan crab @1 길들이기,@item_12521#을 사용하여 Yan crab @1 길들이기
2006031,참새와 워블러 길들이기 I,@item_12603#을 사용하여 참새 워블러를 길들이십시오 @1,@item_12603#을 사용하여 참새 워블러를 길들이십시오 @1
2006032,워블러 길들이기 II,@item_12603#을 사용하여 참새 워블러를 길들이십시오 @1,@item_12603#을 사용하여 참새 워블러를 길들이십시오 @1
2006033,참새와 난쟁이 길들이기 III,@item_12603#을 사용하여 참새 워블러를 길들이십시오 @1,@item_12603#을 사용하여 참새 워블러를 길들이십시오 @1
2006034,낙타 길들이기 I,@item_12613#을 사용하여 낙타를 길들이십시오 @1,@item_12613#을 사용하여 낙타를 길들이십시오 @1
2006035,낙타 길들이기 II,@item_12613#을 사용하여 낙타를 길들이십시오 @1,@item_12613#을 사용하여 낙타를 길들이십시오 @1
2006036,낙타 길들이기 III,@item_12613#을 사용하여 낙타를 길들이십시오 @1,@item_12613#을 사용하여 낙타를 길들이십시오 @1
2007001,구운 우보 야수 고기 I,@item_12516을 @item_1200에 굽고 @item_12517에 굽는다.,구운 @item_12516
2007002,구운 우보 야수 고기 II,@item_12516을 @item_1200에 굽고 @item_12517에 굽는다.,구운 @item_12516
2007003,구운 우보 야수 고기 III,@item_12516을 @item_1200에 굽고 @item_12517에 굽는다.,구운 @item_12516
2007004,구운 두두 새 고기 I,@item_1200에서 @item_12518을 @item_12519로 굽습니다.,구운 @item_12518
2007005,구운 두두 새 고기 II,@item_1200에서 @item_12518을 @item_12519로 굽습니다.,구운 @item_12518
2007006,구운 두두 새 고기 III,@item_1200에서 @item_12518을 @item_12519로 굽습니다.,구운 @item_12518
2007007,구운 뿔 베니슨 1세,@item_12530을 @item_1200에 굽고 @item_12531에 굽는다.,구운 @item_12530
2007008,구운 뿔 베니슨 II,@item_12530을 @item_1200에 굽고 @item_12531에 굽는다.,구운 @item_12530
2007009,구운 뿔 베니슨 III,@item_12530을 @item_1200에 굽고 @item_12531에 굽는다.,구운 @item_12530
2007010,구운 던던 돼지고기 I,@item_12522를 @item_1200에 굽고 @item_12523에 굽는다.,구운 @item_12522
2007011,구운 부두 II,@item_12522를 @item_1200에 굽고 @item_12523에 굽는다.,구운 @item_12522
2007012,구운 던던 돼지고기 III,@item_12522를 @item_1200에 굽고 @item_12523에 굽는다.,구운 @item_12522
2007013,구운 타조 다리,@item_12607을 @item_1200에 굽고 @item_12608에 굽는다.,구운 @item_12607
2007014,구운 타조 다리 II,@item_12607을 @item_1200에 굽고 @item_12608에 굽는다.,구운 @item_12607
2007015,구운 타조 다리 III,@item_12607을 @item_1200에 굽고 @item_12608에 굽는다.,구운 @item_12607
2007016,멍청한 생선구이 I,@item_12520을 @item_1200에 굽고 @item_12521에 굽는다.,구운 @item_12520
2007017,구운 덤 피쉬 II,@item_12520을 @item_1200에 굽고 @item_12521에 굽는다.,구운 @item_12520
2007018,멍청한 생선구이 III,@item_12520을 @item_1200에 굽고 @item_12521에 굽는다.,구운 @item_12520
2007019,못생긴 생선구이 I,@item_1200에서 @item_12703을 @item_12705#@1로 굽습니다.,구운 @item_12703
2007020,못생긴 생선구이 II,@item_1200에서 @item_12703을 @item_12705#@1로 굽습니다.,구운 @item_12703
2007021,못생긴 생선구이 III,@item_1200에서 @item_12703을 @item_12705#@1로 굽습니다.,구운 @item_12703
2007022,구운 키키 피쉬 I,@item_12704를 @item_1200에 굽고 @item_12706에 굽는다.,구운 @item_12704
2007023,구운 키키 피쉬 II,@item_12704를 @item_1200에 굽고 @item_12706에 굽는다.,구운 @item_12704
2007024,구운 키키 피쉬 III,@item_12704를 @item_1200에 굽고 @item_12706에 굽는다.,구운 @item_12704
2008001,새콤달콤 새싹순 고기꼬치Ⅰ,@item_200108#에서 @item_11229#@1을 요리합니다,@item_11229#@1을 조리합니다
2008002,숙주 케밥 Ⅱ,@item_200108#에서 @item_11229#@1을 요리할 것입니다.,@item_11229#@1을 요리합니다.
2008003,笋尖串串香Ⅲ,"@item_200108#에서 @item_11229#@1을 요리하거나, @item_11229#@1을 요리하거나, 삼치 꼬치串串香Ⅲ를 만들 수 있습니다.",烹饪@item_11229#@1
2008004,면Ⅰ요리하기,@item_200108#에서 @item_12502#@1요리하기,@item_12502#@1요리하기
2008005,면Ⅱ을 요리합니다,@item_200108#에서 @item_12502#@1을 요리합니다,@item_12502#@1을 요리합니다
2008006,면Ⅲ을 요리합니다.,@item_200108#에서 @item_12502#@1을 요리합니다,@item_12502#@1을 요리합니다
2008007,옥수수 과자Ⅰ,@item_200108#에서 @item_12507#@1을/를 요리합니다,@item_12507#@1을/를 요리합니다
2008008,옥수수 간식Ⅱ,@item_200108#에서 @item_12507#@1을 요리합니다,@item_12507#@1을 요리합니다
2008009,콘 스낵Ⅲ를 요리합니다.,@item_200108#에서 @item_12507#@1을 요리합니다,@item_12507#@1을 요리합니다
2008010,뚜뚜니 열무 조림Ⅰ,@item_200108#에서 @item_12510#@1 맛있게 요리하기,@item_12510#@1를 요리하는 방법
2008011,두두조림 2번째 버전,@item_200108#에서 @item_12510#@1(을)를 요리합니다,@item_12510#@1(을) 요리합니다
2008012,두두새 볶음 산채비빔밥,@item_200108#에서 @item_12510#@1 요리하기,@item_12510#@1 요리하기
2008013,고구마 말랭이Ⅰ,@item_200108#에서 @item_12512#@1 요리하기,@item_12512#@1 요리하기
2008014,사탕 고구마 찹쌀떡Ⅱ,@item_200108#에서 @item_12512#@1을 요리합니다,@item_12512#@1을 요리합니다
2008015,고구마 누룽지Ⅲ 요리하기,@item_200108#에서 @item_12512#@1 요리하기,@item_12512#@1 요리하기
2008016,익힌 밥 Ⅰ,@item_200108#에서 @item_12529#@1 요리하기,@item_12529#@1 요리하기
2008017,熟米饭Ⅱ,"@item_200108#에서 @item_12529#@1(을)를 조리하거나, @item_12529#@1을(를) 요리하거나, 그리고 쌀밥Ⅱ(를) 끓여봅니다.",烹饪@item_12529#@1
2008018,삶은 밥Ⅲ,@item_200108#에서 @item_12529#@1을/를 요리합니다.,@item_12529#@1을/를 요리합니다.
2008019,1단계 타조 알 지단,@item_200108#에서 @item_12609#@1을 요리합니다,@item_12609#@1을 요리합니다
2008020,2번째 태조알을 후라이팬에 구웁니다,@item_200108#에서 @item_12609#@1을 요리합니다,@item_12609#@1을 요리합니다
2008021,무지개 타조 알Ⅲ를 지단다,@item_200108#에서 @item_12609#@1을 요리합니다,@item_12609#@1을 요리합니다
2008022,煎蛋面条Ⅰ,"@item_200108#에서 @item_12540#@1을 요리하거나, @item_12540#@1을 요리하거나, 지앤면Ⅰ를 요리할 수 있습니다.",烹饪@item_12540#@1
2008023,계란 볶음면Ⅱ를 요리합니다.,@item_200108#에서 @item_12540#@1을 요리합니다,@item_12540#@1을 요리합니다
2008024,계란 볶음면 Ⅲ를 요리합니다.,@item_200108#에서는 @item_12540#@1을 요리합니다,@item_12540#@1을 요리합니다
2008025,烤薯条Ⅰ,@item_200108#에서 @item_12541#@1을 요리하거나 @item_12541#@1을 요리하거나 구운감자 막국수Ⅰ를 요리할 수 있습니다.,烹饪@item_12541#@1
2008026,구운 감자튀김Ⅱ,@item_200108#에서 @item_12541#@1 요리하기,@item_12541#@1 요리하기
2008027,구운 감자 튀김Ⅲ을 요리합니다.,@item_200108#에서 @item_12541#@1을 요리합니다,@item_12541#@1을 요리합니다
2008028,야채 스튜Ⅰ를 요리합니다.,@item_200108#에서 @item_12542#@1을 요리합니다,@item_12542#@1을 요리합니다
2008029,蔬菜煲Ⅱ,"@item_200108#에서 @item_12542#@1을 요리하거나, @item_12542#@1과 채소찌개Ⅱ를 요리할 수 있습니다.",烹饪@item_12542#@1
2008030,채소찌개Ⅲ,@item_200108#에서 @item_12542#@1을 요리합니다,@item_12542#@1을 요리합니다
2008031,구워먹는 나그네 패밀리 버킷 I,@item_200108#에서 @item_12543#@1 요리하기,@item_12543#@1 요리하기
2008032,그릴로 구워진 두둥鸟 가족 버킷 II입니다.,@item_200108#에서는 @item_12543#@1을/를 요리합니다.,@item_12543#@1을/를 조리합니다.
2008033,구운 두둥鸟 골목 패밀리 버킷Ⅲ,@item_200108#에서 @item_12543#@1 요리하기,@item_12543#@1 요리하기
2008034,구운 육수면Ⅰ,@item_200108#에서 @item_12544#@1을 요리합니다,@item_12544#@1을 요리합니다
2008035,구운 고기면Ⅱ,@item_200108#에서 @item_12544#@1 요리하기,@item_12544#@1 요리하기
2008036,구운 고기면Ⅲ,@item_200108#에서 @item_12544#@1을 요리해요,@item_12544#@1을 요리해요
2008037,갈래 녹고기 찌개Ⅰ,@item_200108#에서 @item_12545#@1을 요리합니다,@item_12545#@1 요리
2008038,강아지고기 찌개Ⅱ,@item_200108#에서 @item_12545#@1을 요리합니다,@item_12545#@1을 요리합니다
2008039,산점토끼고기 찌개Ⅲ,@item_200108#에서 @item_12545#@1을 요리하거나,@item_12545#@1을 요리하거나
2008040,햄Ⅰ를 요리합니다,@item_200108#에서 @item_12546#@1을 요리합니다,@item_12546#@1을 요리합니다
2008041,햄Ⅱ를 요리합니다.,@item_200108#에서 @item_12546#@1을 요리합니다,@item_12546#@1을 요리합니다
2008042,햄 III를 조리합니다,@item_200108#에서 @item_12546#@1을 요리합니다,@item_12546#@1을 조리합니다
2008043,컨디슈 크림 카라멜Ⅰ 만들기,@item_200108#에서 @item_12549#@1 요리하기,@item_12549#@1 요리하기
2008044,순수캬라멜크림Ⅱ 요리하기,@item_200108#에서 @item_12549#@1 요리하기,@item_12549#@1 요리하기
2008045,농축 우유 캐러멜Ⅲ,@item_200108#에서 @item_12549#@1 요리하기,@item_12549#@1 요리하기
2009001,요리사의 발전,@item_200109#을(를) 점화된 @item_1200#에 올려야 더 맛있는 요리를 할 수 있습니다.,@item_200109#을(를) 가공하세요.
2009002,바베큐 피자Ⅰ를 요리합니다.,@item_200109#에서 @item_830#@1을 요리합니다,@item_830#@1을 요리합니다
2009003,피자 II 구이,@item_200109#에서 @item_830#@1을 요리합니다,@item_830#@1을 요리합니다
2009004,그릴드 피자 III를 요리합니다.,@item_200109#에서 @item_830#@1을 요리합니다,@item_830#@1을 요리합니다
2009005,채소와 과일 피자Ⅰ,@item_200109#에서 @item_831#@1을(를) 조리하거나 @item_831#@1을(를) 준비하여야 합니다,@item_831#@1을(를) 조리하거나 @item_831#@1을(를) 준비하여야 합니다
2009006,蔬果披萨Ⅱ,@item_200109#에서 @item_831#@1을 요리하거나 @item_831#@1을 요리하거나 채소와 과일 피자Ⅱ를 만들 수 있습니다.,烹饪@item_831#@1
2009007,蔬果披萨Ⅲ,@item_200109#에서 @item_831#@1을 요리하거나 @item_831#@1을 요리하거나 채소와 과일 피자Ⅲ를 요리하세요.,烹饪@item_831#@1
2009008,거대 블루구어 바 Ⅰ를 요리합니다,@item_200109#에서 @item_12515#@1을 요리합니다,@item_12515#@1을 요리합니다
2009009,거대한 블루베리 바 출 II,@item_200109#에서 @item_12515#@1을 요리합니다,@item_12515#@1을 요리합니다
2009010,거대한 블루베리 바 III를 요리합니다,@item_200109#에서 @item_12515#@1을 요리합니다,@item_12515#@1을 요리합니다
2009011,异味火腿Ⅰ,"@item_200109#에서 @item_12547#@1을 요리하거나, @item_12547#@1이나 비스듬히 자른 햄Ⅰ을 요리할 수 있습니다.",烹饪@item_12547#@1
2009012,화향햄 II를 조리합니다,@item_200109#에서 @item_12547#@1을 요리합니다,@item_12547#@1을 요리합니다
2009013,이상한 냄새의 햄 III를 요리합니다.,@item_200109#에서 @item_12547#@1을 요리합니다,@item_12547#@1을 요리합니다
2009014,'크랩 스틱' 햄 Ⅰ를 요리합니다.,@item_200109#에서 @item_12548#@1을 요리합니다,@item_12548#@1을 요리합니다
2009015,크랩 스틱 햄Ⅱ요리하기,@item_200109#에서 @item_12548#@1요리하기,@item_12548#@1요리하기
2009016,'크랩스틱' 홍합Ⅲ,@item_200109#에서 @item_12548#@1을 요리합니다,@item_12548#@1을 요리합니다
2009017,향긋한 계란 볶음면Ⅰ,@item_200109#에서 @item_12550#@1을 요리합니다,@item_12550#@1을 요리합니다
2009018,향긋한 계란 볶음면Ⅱ,@item_200109#에서 @item_12550#@1을 요리합니다,@item_12550#@1을 요리합니다
2009019,향긋한 계란 볶음면Ⅲ,@item_200109#에서 @item_12550#@1을 요리합니다,@item_12550#@1을 요리합니다
2009020,향긋한 감자튀김Ⅰ,@item_200109#에서 @item_12551#@1을 요리합니다,@item_12551#@1을 요리합니다
2009021,향긋한 감자 튀김Ⅱ,@item_200109#에서 @item_12551#@1을 요리합니다,@item_12551#@1을 요리합니다
2009022,香溢薯条Ⅲ,@item_200109#에서 @item_12551#@1을 요리하거나 @item_12551#@1을 요리하시고 향긋한 감자 튀김Ⅲ도 만드세요.,烹饪@item_12551#@1
2009023,향긋한 거대 블루베리 파이 I를 요리합니다.,@item_200109#에서 @item_12552#@1을 요리합니다,@item_12552#@1을 요리합니다
2009024,향긋한 재료의 요리인 거대 블루베리 파이 II,@item_200109#에서 @item_12552#@1을 요리합니다,@item_12552#@1을 요리합니다
2009025,향기롭고 거대한 블루베리 파이 III,@item_200109#에서 @item_12552#@1 요리하기,@item_12552#@1 요리하기
2009026,향긋한 옥수수 간식Ⅰ,@item_200109#에서 @item_12553#@1 요리하기,@item_12553#@1 요리하기
2009027,향긋한 옥수수 간식Ⅱ,@item_200109#에서 @item_12553#@1 요리하기,@item_12553#@1 요리하기
2009028,향긋한 옥수수 과자Ⅲ,@item_200109#에서 @item_12553#@1을 요리합니다,@item_12553#@1을 요리합니다
2009029,향긋한 채소찌개Ⅰ,@item_200109#에서 @item_12554#@1을 요리합니다,@item_12554#@1을 요리합니다
2009030,향긋한 채소찌개Ⅱ,@item_200109#에서 @item_12554#@1을 요리합니다,@item_12554#@1을 요리합니다
2009031,향긋한 채소 찌개Ⅲ,@item_200109#에서 @item_12554#@1 요리하기,@item_12554#@1 요리하기
2009032,향긋한 구워진 찌르레기 Ⅰ,@item_200109#에서 @item_12558#@1을 요리합니다,@item_12558#@1을 요리합니다
2009033,향긋한 바비큐 찌르레기Ⅱ,@item_200109#에서 @item_12558#@1 요리하기,@item_12558#@1 요리하기
2009034,향긋한 구이된 드루즈 III,@item_200109#에서 @item_12558#@1 요리하기,@item_12558#@1 요리하기
2009035,향긋한 구운 고기면Ⅰ,@item_200109#에서 @item_12559#@1을 요리합니다,@item_12559#@1을 요리합니다
2009036,향긋한 그릴 스파게티 II,@item_200109#에서 @item_12559#@1을 요리합니다,@item_12559#@1를 요리합니다
2009037,향긋한 바베큐 비프면Ⅲ,@item_200109#에서 @item_12559#@1을 요리합니다,@item_12559#@1을 요리합니다
2009038,향긋한 사슴 소갈비찜Ⅰ,@item_200109#에서 @item_12560#@1을 요리합니다,@item_12560#@1을 요리합니다
2009039,향기롭고 육즙 가득한 사슴고기 찌개Ⅱ,@item_200109#에서 @item_12560#@1을 요리합니다,@item_12560#@1을 요리합니다
2009040,향기로운 각륙찜Ⅲ,@item_200109#에서 @item_12560#@1 요리하기,@item_12560#@1 요리하기
2009041,향긋한 햄 I,@item_200109#에서 @item_12561#@1 요리하기,@item_12561#@1 요리하기
2009042,향긋한 햄 II,@item_200109#에서 @item_12561#@1을 요리합니다,@item_12561#@1을 요리합니다
2009043,香溢火腿Ⅲ,@item_200109#에서 @item_12561#@1을 조리하거나 @item_12561#@1 또는 향긋한 햄Ⅲ을 조리하세요.,烹饪@item_12561#@1
2009044,향긋한 향기가 나는 다리 Ⅰ,@item_200109#에서 @item_12562#@1 요리하기,@item_12562#@1 요리하기
2009045,향긋한 냄새가 나는 다리Ⅱ,@item_200109#에서 @item_12562#@1를 요리합니다,@item_12562#@1를 요리합니다
2009046,향긋한 향기의 다리 III,@item_200109#에서 @item_12562#@1 요리하기,@item_12562#@1 요리하기
2009047,향긋한 '게발' 다리Ⅰ,@item_200109#에서 @item_12563#@1 요리하기,@item_12563#@1 요리하기
2009048,향긋한 '김말이' 다리 II,@item_200109#에서 @item_12563#@1을 요리합니다,@item_12563#@1을 요리합니다
2009049,'크랩 스틱' 다리Ⅲ를 요리합니다.,@item_200109#에서 @item_12563#@1을 요리합니다.,@item_12563#@1을 요리합니다.
2010001,에르후,처리 및 재생 @item_11900 #@1#r(PC 끝의 오른쪽 버튼을 길게 누르고 모바일 끝의 사용 버튼을 길게 눌러 재생합니다),@item_11900 #@1 재생
2010002,수오나,처리 및 재생 @item_11906#@1#r(PC 끝의 오른쪽 버튼을 길게 누르고 모바일 끝의 사용 버튼을 길게 눌러 재생합니다),플레이 @item_11906
2010003,루테,처리 및 재생 @item_11907#@1#r(PC 끝의 오른쪽 버튼을 길게 누르고 모바일 끝의 사용 버튼을 길게 눌러 재생합니다),@item_11907 #@1 재생
2010004,플루트,처리 및 재생 @item_11908#@1#r(PC 끝의 오른쪽 버튼을 길게 누르고 모바일 끝의 사용 버튼을 길게 눌러 재생합니다),@item_11908 #@1 재생
2010005,드럼,처리 및 재생 @item_11909 #@1#r(PC 끝의 오른쪽 버튼을 길게 누르고 모바일 끝의 사용 버튼을 길게 눌러 재생합니다),플레이 @item_11909
2010006,구정,처리 및 재생 @item_11905#@1#r(PC 끝의 오른쪽 버튼을 길게 누르고 모바일 끝의 사용 버튼을 길게 눌러 재생합니다),플레이 @item_11905
2010007,가죽 스크롤,처리 @item_11806#@1#r (@item_11806#텍스트를 기록할 수 있음),가공 @item_11806
2010008,책 만들기 책상,처리 @item_1143 #@1#r (텍스트 정보의 한 페이지를 책에 바인딩하는 데 사용할 수 있음),가공 @item_1143#@1
2010009,책 쓰기,@item_1143#을 사용하여 @1을 컴파일합니다#r(@item_1143#에서는 @item_11806#을 텍스트와 함께 책에 캡슐화할 수 있습니다),@item_1143#을 사용하여 책을 편집하십시오 @1
2010010,책을 열다,@item_1143#을 사용하여 책을 @1로 나누십시오#r(@item_1143#에서는 책을 느슨한 페이지로 나눌 수 있습니다),@item_1143#을 사용하여 책을 엽니다 @1
2010011,화려한,처리 @item_498 #@1#r (페인트 병을 @item_498 #에 부어 색상을 조정합니다),가공 @item_498
2010012,거위 깃털 노란색,@item_11504#@1을 @item_378#및 @item_11320으로 처리합니다.,가공 @item_11504
2010013,허치홍,@item_11514#@1을 @item_12500#및 @item_11320으로 처리합니다.,가공 @item_11514
2010014,사파이어 블루,@item_11532#@1을 @item_12583# 및 @item_11320#으로 처리합니다.,가공 @item_11532
2010015,색소 조화 I,@item_11504 #와 @item_11514 #를 @item_498 #에 붓고 @item_11320 #과 섞어서 @item_11501#1 #r (다른 색상을 섞어보세요!),색소를 섞고 @item_11501#@1을 수집하십시오.
2010016,색소 조화 II,@item_11504 #와 @item_11532 #를 @item_498 #에 붓고 @item_11320 #과 섞어서 @item_11513 #@1 #r(다른 색상을 섞어보세요!),색소를 섞고 @item_11513#@1을 수집하세요.
2010017,색소 조화 III,@item_11532 #와 @item_11514 #를 @item_498 #에 붓고 @item_11320 #과 섞어서 @item_11510 #@1 #r(다른 색상을 섞어보세요!),색소를 섞고 @item_11510#@1을 수집하세요.
2010018,캔버스?,"처리 @item_600#1 #r (페인트 병을 사용하여 @item_600 #을 좋아하는 색상으로 염색할 수 있으며 @item_666 #, @item_632#등이 있습니다.)",가공 @item_600
2011001,일반 낚싯대,"처리 @item_12721#@1#r(낚싯대로 살아있는 물고기를 잡을 수 있고, 갈고리를 물 기회를 잡습니다)",가공 @item_12721
2011002,뿔 산호 낚싯대,"처리 @item_12722#@1#r(해변 어촌에 머리에 왕관을 쓴 낚시 마스터가 있는데, 그에게서 @item_11937#)",가공@item_12722#@1
2011003,버블 산호 낚싯대,"처리 @item_12723#@1#r(해변 어촌에 머리에 왕관을 쓴 낚시 마스터가 있는데, 그에게서 @item_11938#)",가공@item_12723#@1
2011004,디스크 산호 낚싯대,"처리 @item_12724#@1#r (해변 어촌에 머리에 왕관을 쓴 낚시 마스터가 있는데, 그에게서 @item_11939#)",가공 @item_12724
2011005,나무 산호 낚싯대,"처리 @item_12725#@1#r(해변 어촌에 머리에 왕관을 쓴 낚시 마스터가 있는데, 그에게서 @item_11940#)",가공 @item_12725
2011006,황금 덤 피쉬 I,캐치@item_13609#@1#r(산호 낚싯대로만 가능),캐치 @item_13609
2011007,황금 덤 피쉬 II,캐치@item_13609#@1#r(산호 낚싯대로만 가능),캐치 @item_13609
2011008,골든 키키 1세,캐치@item_13610#@1#r(산호 낚싯대로만 가능),캐치 @item_13610
2011009,황금 치치 물고기 II,캐치@item_13610#@1#r(산호 낚싯대로만 가능),캐치 @item_13610
2011010,황금 못생긴 물고기 I,캐치@item_13611#@1#r(산호 낚싯대로만 가능),캐치 @item_13611
2011011,황금 못생긴 물고기 II,캐치@item_13611#@1#r(산호 낚싯대로만 가능),캐치 @item_13611
2011012,레이 1세,@item_13602#@1을 잡으십시오.,@item_13602#@1을 잡으십시오.
2011013,레이 II,@item_13602#@1을 잡으십시오.,@item_13602#@1을 잡으십시오.
2011014,레드 덤 피쉬 I,캐치 @item_13618,캐치 @item_13618
2011015,빨간 멍청한 물고기 II,캐치 @item_13618,캐치 @item_13618
2011016,레드 키키 1세,캐치 @item_13617,캐치 @item_13617
2011017,붉은 치트피쉬 II,캐치 @item_13617,캐치 @item_13617
2011018,보라색 못생긴 물고기 I,캐치 @item_13614,캐치 @item_13614
2011019,보라색 못생긴 물고기 II,캐치 @item_13614,캐치 @item_13614
2011020,작은 해마,캐치 @item_13624 #@1#r(산호 낚싯대와 바다에서 낚시하는 경우에만 가능),캐치 @item_13624
2011021,해마,캐치 @item_13623#@1#r(산호 낚싯대와 바다에서 낚시하는 경우에만 가능),@item_13623#@1을 잡으십시오.
2011022,옅은 푸른 멍청한 물고기 I,캐치 @item_13604,캐치 @item_13604
2011023,하늘색 벙어리 물고기 II,캐치 @item_13604,캐치 @item_13604
2011024,옅은 푸른 키키 1세,캐치 @item_13607,캐치 @item_13607
2011025,옅은 파란색 이상한 물고기 II,캐치 @item_13607,캐치 @item_13607
2011026,오렌지 못생긴 물고기 I,캐치 @item_13619,캐치 @item_13619
2011027,오렌지 못생긴 물고기 II,캐치 @item_13619,캐치 @item_13619
2011028,게 I,캐치 @item_13621,캐치 @item_13621
2011029,게 II,캐치 @item_13621,캐치 @item_13621
2011030,다크 블루 덤 피쉬 I,캐치 @item_13605,캐치 @item_13605
2011031,다크 블루 덤 피쉬 II,캐치 @item_13605,캐치 @item_13605
2011032,옐로우 키키 1세,캐치 @item_13613,캐치 @item_13613
2011033,노란 치치 물고기 II,캐치 @item_13613,캐치 @item_13613
2011034,줄무늬 못생긴 물고기 I,캐치 @item_13616,캐치 @item_13616
2011035,줄무늬 못생긴 물고기 II,캐치 @item_13616,캐치 @item_13616
2011036,해파리 1세,캐치 @item_13626,캐치 @item_13626
2011037,해파리 II,캐치 @item_13626,캐치 @item_13626
2011038,핑크 덤 피쉬 I,@item_13612#@1을 잡으십시오.,@item_13612#@1을 잡으십시오.
2011039,핑크 덤 피쉬 II,@item_13612#@1을 잡으십시오.,@item_13612#@1을 잡으십시오.
2011040,그린 키키 1세,캐치 @item_13615,캐치 @item_13615
2011041,녹색 치치 물고기 II,캐치 @item_13615,캐치 @item_13615
2011042,핑크 못생긴 물고기 I,캐치 @item_13608,캐치 @item_13608
2011043,핑크 못생긴 물고기 II,캐치 @item_13608,캐치 @item_13608
2011044,랜턴 피쉬 I,캐치 @item_13600,캐치 @item_13600
2011045,랜턴 피쉬,캐치 @item_13600,캐치 @item_13600
2011046,검은 멍청한 물고기 I,캐치 @item_13606,캐치 @item_13606
2011047,블랙 덤 피쉬 II,캐치 @item_13606,캐치 @item_13606
2011048,가오리 1세,캐치 @item_13629,캐치 @item_13629
2011049,악마 물고기 II,캐치 @item_13629,캐치 @item_13629
2011050,야광봉 해조류 물고기 I,캐치 @item_13630,캐치 @item_13630
2011051,야광봉 해조류 물고기,캐치 @item_13630,캐치 @item_13630
2011052,플라잉 피쉬 I,캐치 @item_13627,캐치 @item_13627
2011053,플라잉 피쉬 II,캐치 @item_13627,캐치 @item_13627
2011054,멀리 드리프트 병,@item_27#@1을 잡으십시오.,@item_27#@1을 잡으십시오.
2011055,보물지도 유리병,캐치@item_12616#@1#r(산호 낚싯대로만 가능),캐치 @item_12616
2011056,생 다시마,캐치 @item_12615,캐치 @item_12615
2011057,똥,잡히다@item_11311#@1,잡히다@item_11311#@1
2011058,수생 식물,캐치 @item_245,캐치 @item_245
2011059,떠다니는 널빤지,캐치 @item_248#@1,캐치 @item_248#@1
2011060,상어 1세,캐치 @item_13628#@1#r(산호 낚싯대와 바다에서 낚시하는 경우에만 가능),@item_13628#@1을 잡으십시오.
2011061,상어 II,캐치 @item_13628#@1#r(산호 낚싯대와 바다에서 낚시하는 경우에만 가능),@item_13628#@1을 잡으십시오.
2012001,락 I,@item_104#@1 캡처#r(미라는 어디에나 있습니다),캡처 @item_104
2012002,록 II,@item_104#@1 캡처#r(미라는 어디에나 있습니다),캡처 @item_104
2012003,구리 합금 광석,제련@item_451#@1#r(미라신 대량 생산 광물),제련 @item_451
2012004,구리 합금 광석,제련@item_451#@1#r(미라신 대량 생산 광물),제련 @item_451
2012005,미스터리 1세,제련 @item_401#@1#r(미라의 중부 지하 고도에 널리 분포함),제련 @item_401
2012006,미스테라이트,제련 @item_401#@1#r(미라의 중부 지하 고도에 널리 분포함),제련 @item_401
2012007,티타늄 합금 광석 I,제련 @item_452#@1#r(지하 깊은 곳이나 빈 섬에서는 거의 생산되지 않음),제련 @item_452
2012008,티타늄 합금 광석,제련 @item_452#@1#r(지하 깊은 곳이나 빈 섬에서는 거의 생산되지 않음),제련 @item_452
2012009,텅스텐 금광 I,제련 @item_404#@1#r (Moe-eye star 표면에 거의 분포하지 않음),제련 @item_404#@1
2012010,텅스텐 금광,제련 @item_404#@1#r (Moe-eye star 표면에 거의 분포하지 않음),제련 @item_404#@1
2012011,치얀 광산 I,제련 @item_400#@1#r(불타는 별의 표면에서 거의 발견되지 않음),제련 @item_400
2012012,치얀 광산 II,제련 @item_400#@1#r(불타는 별의 표면에서 거의 발견되지 않음),제련 @item_400
2012013,거친 앰버 1세,획득 @item_406#@1 #r(Myra의 지하 및 중간 고도에서는 거의 발견되지 않음),@item_406#@1 캡처
2012014,거친 앰버 II,획득 @item_406#@1 #r(Myra의 지하 및 중간 고도에서는 거의 발견되지 않음),@item_406#@1 캡처
2012015,권선 문 거친 돌 I,획득 @item_403#@1 #r(Myra의 지하 및 중간 고도에서는 거의 발견되지 않음),@item_403#@1 캡처
2012016,권선 문 거친 돌,획득 @item_403#@1 #r(Myra의 지하 및 중간 고도에서는 거의 발견되지 않음),@item_403#@1 캡처
2012017,미카오레 1세,@item_407#@1 수집#r(Flame Star는 많은 미네랄을 생성합니다),@item_407#@1 캡처
2012018,미카 광석,@item_407#@1 수집#r(Flame Star는 많은 미네랄을 생성합니다),@item_407#@1 캡처
2012019,스타 동공 또는 I,@item_445#@1 수집#r(Moe-eye 별의 표면 또는 빈 섬에 거의 분포하지 않음),@item_445#@1 캡처
2012020,스타 동공 광석,@item_445#@1 수집#r(Moe-eye 별의 표면 또는 빈 섬에 거의 분포하지 않음),@item_445#@1 캡처
2012021,보라색 불소 I,@item_446#@1 수집#r(귀여운 눈의 별 섬에는 거의 배포되지 않음),@item_446#@1 캡처
2012022,보라색 불소,@item_446#@1 수집#r(귀여운 눈의 별 섬에는 거의 배포되지 않음),@item_446#@1 캡처
2012023,공격 룬 오레 I,컬렉션 @item_453#@1 #r (미라의 지하 및 화산 지역이 널리 분포하고 있으며 늪지대의 생산량은 상대적으로 큽니다),@item_453#@1 캡처
2012024,공격 룬 오레 II,컬렉션 @item_453#@1 #r (미라의 지하 및 화산 지역이 널리 분포하고 있으며 늪지대의 생산량은 상대적으로 큽니다),@item_453#@1 캡처
2012025,방어 룬 오레 I,수집 @item_454#@1#r (미라의 지하 및 화산 지역이 널리 분포하고 있으며 열대 우림 지역의 수확량이 상대적으로 큽니다),@item_454#@1 캡처
2012026,방어 룬 오레 II,수집 @item_454#@1#r (미라의 지하 및 화산 지역이 널리 분포하고 있으며 열대 우림 지역의 수확량이 상대적으로 큽니다),@item_454#@1 캡처
2012027,효율성 룬 오레 I,컬렉션 @item_455#@1 #r (미라의 지하 및 화산 지역이 널리 분포하고 있으며 빙하 지역의 생산량이 상대적으로 큽니다),캡처 @item_455
2012028,효율성 룬 오레 II,컬렉션 @item_455#@1 #r (미라의 지하 및 화산 지역이 널리 분포하고 있으며 빙하 지역의 생산량이 상대적으로 큽니다),캡처 @item_455
2012029,유리 I,제련 @item_11305#@1 #r (@item_29#@item_11305#먼저 사용해야 함),제련 @item_11305
2012030,유리 II,제련 @item_11305#@1 #r (@item_29#@item_11305#먼저 사용해야 함),제련 @item_11305
2012031,시멘트 I,제련 @item_11200 #@1#r (@item_11305#@item_11200 #먼저 사용해야 함),제련 @item_11200
2012032,시멘트 II,제련 @item_11200 #@1#r (@item_11305#@item_11200 #먼저 사용해야 함),제련 @item_11200
2012033,매몰 기계 I,@item_598#@1 수집#r(Myra 지하에서는 거의 배포되지 않음),캡처 @item_598#@1
2012034,매몰 기계 II,@item_598#@1 수집#r(Myra 지하에서는 거의 배포되지 않음),캡처 @item_598#@1
2012035,새벽 돌 I,@item_536#@1 수집#r(Flame Star가 널리 분포되어 있음),@item_536#@1 캡처
2012036,던 스톤 II,@item_536#@1 수집#r(Flame Star가 널리 분포되어 있음),@item_536#@1 캡처
2012037,망간 결절 I,컬렉션 @item_24#@1#r(Myra의 깊은 해저에 희귀한 분포),@item_24#@1 캡처
2012038,망간 결절 II,컬렉션 @item_24#@1#r(Myra의 깊은 해저에 희귀한 분포),@item_24#@1 캡처
2012039,파이록센 1세,제련 @item_124#@1#r(불꽃별 지면의 기본 구성),제련 @item_124#@1
2012040,파이록센,제련 @item_124#@1#r(불꽃별 지면의 기본 구성),제련 @item_124#@1
2012041,응축수 I,획득 @item_402#@1#r (미라지는 널리 분포되어 있습니다),@item_402#@1 캡처
2012042,응축수 II,획득 @item_402#@1#r (미라지는 널리 분포되어 있습니다),@item_402#@1 캡처
2012043,스타 에너지 광산 I,제련 @item_405#@1 #r (불꽃별에 널리 분포하는 많은 양의 별 에너지를 응축하는 광석),제련 @item_405#@1
2012044,스타 에너지 광산 II,제련 @item_405#@1 #r (불꽃별에 널리 분포하는 많은 양의 별 에너지를 응축하는 광석),제련 @item_405#@1
2012045,프로스트 스톤 광산 I.,컬렉션 @item_34#@1#r (밀라 스타의 눈 동굴에는 거의 분포하지 않음),수집 @item_34 #@1
2012046,프로스트 락 광산 II,컬렉션 @item_34#@1#r (밀라 스타의 눈 동굴에는 거의 분포하지 않음),수집 @item_34 #@1
2012047,사소한 핵 형성 I.,컬렉션 @item_33#@1#r (Mirastar에서 희귀 배포),수집 @item_33 #@1
2012048,사소한 핵 형성 II,컬렉션 @item_33#@1#r (Mirastar에서 희귀 배포),수집 @item_33 #@1
3001001,나무 막대기 I,가공 @item_12001#@1,가공 @item_12001#@1
3001002,나무 막대기 II,가공 @item_12001#@1,가공 @item_12001#@1
3001003,날카로운 범프 해머 I,처리 @item_11230#@1#r(자료 중 하나 @item_242# 사막으로 가야 찾을 수 있음),가공 @item_11230
3001004,날카로운 범퍼 II,처리 @item_11230#@1#r(자료 중 하나 @item_242# 사막으로 가야 찾을 수 있음),가공 @item_11230
3001005,돌창 1세,가공 @item_12002,가공 @item_12002
3001006,스톤 스피어 II,가공 @item_12002,가공 @item_12002
3001007,피어싱 창 I,가공 @item_12004#@1,가공 @item_12004#@1
3001008,피어싱 창 II,가공 @item_12004#@1,가공 @item_12004#@1
3001009,단검 1세,가공 @item_12003#@1,가공 @item_12003#@1
3001010,단검 II,가공 @item_12003#@1,가공 @item_12003#@1
3001011,에너지 검 I,가공 @item_12005,가공 @item_12005
3001012,에너지 소드 II,가공 @item_12005,가공 @item_12005
3001013,리퍼 1세,가공 @item_12009 #@1,가공 @item_12009 #@1
3001014,리퍼 II,가공 @item_12009 #@1,가공 @item_12009 #@1
3001015,티타늄 워해머 I,가공 @item_12010#@1,가공 @item_12010#@1
3001016,티타늄 워해머 II,가공 @item_12010#@1,가공 @item_12010#@1
3001017,악마 하푼 1세,처리 @item_12063#@1 #r (만타 물고기는 바다에 가서 찾아야 합니다),가공 @item_12063
3001018,악마의 작살 II,처리 @item_12063#@1 #r (만타 물고기는 바다에 가서 찾아야 합니다),가공 @item_12063
3001019,스콜피온 쉘 쉴드 I,처리 @item_12309#@1#r(@item_11632#는 거대한 독꼬리 전갈을 공격하려면 무딘 무기가 필요합니다),가공 @item_12309
3001020,스콜피온 쉘 쉴드 II,처리 @item_12309#@1#r(@item_11632#는 거대한 독꼬리 전갈을 공격하려면 무딘 무기가 필요합니다),가공 @item_12309
3001021,전갈 방패 I,처리 @item_12310#@1#r(@item_11633#은 거대한 독전갈을 공격하기 위해 날카로운 무기가 필요합니다.),가공 @item_12310
3001022,스콜피온 쉴드 II,처리 @item_12310#@1#r(@item_11633#은 거대한 독전갈을 공격하기 위해 날카로운 무기가 필요합니다.),가공 @item_12310
3001023,부메랑 1세,가공 @item_11592,가공 @item_11592
3001024,부메랑 II,가공 @item_11592,가공 @item_11592
3001025,일반 직원,가공 @item_11580,가공 @item_11580
3001026,활활 타오르는 직원,가공 @item_11581,가공 @item_11581
3001027,번개 직원,가공 @item_11582,가공 @item_11582
3001028,중독 직원,가공 @item_11583,가공 @item_11583
3001029,복구 직원,가공 @item_11584,가공 @item_11584
3001030,직원 소환,처리 @item_11585#@1#r(@item_11575#사막 깊숙한 곳),가공 @item_11585
3001031,미트릴 짧은 활 I,가공 @item_12050,가공 @item_12050
3001032,미트릴 짧은 활 II,가공 @item_12050,가공 @item_12050
3001033,돌화살 1세,가공 @item_12051,가공 @item_12051
3001034,돌 화살 II,가공 @item_12051,가공 @item_12051
3001035,용골 활 I,처리 @item_12056#@1#r(@item_11221# 흑룡을 물리쳐야 얻을 수 있음),가공 @item_12056
3001036,용골 활,처리 @item_12056#@1#r(@item_11221# 흑룡을 물리쳐야 얻을 수 있음),가공 @item_12056
3001037,블로우 애로우 I,처리 @item_12288#@1#r(@item_251# 대나무 숲 분지를 살펴봐야 함),가공 @item_12288
3001038,화살 II,처리 @item_12288#@1#r(@item_251# 대나무 숲 분지를 살펴봐야 함),가공 @item_12288
3001039,비 스팅어 다트 1,가공 @item_12289,가공 @item_12289
3001040,비 스팅어 다트 II,가공 @item_12289,가공 @item_12289
3001041,수압 대포 I,가공 @item_11649,가공 @item_11649
3001042,수압 대포 II,가공 @item_11649,가공 @item_11649
3001043,상어 활 I,가공 @item_12061,가공 @item_12061
3001044,상어 활 II,가공 @item_12061,가공 @item_12061
3001045,오션 애로우 1,가공 @item_12062,가공 @item_12062
3001046,오션 애로우 II,가공 @item_12062,가공 @item_12062
3002001,가죽 헬멧 I,가공 @item_12201,가공 @item_12201
3002002,가죽 헬멧 II,가공 @item_12201,가공 @item_12201
3002003,가죽 가슴판 I,가공@item_12202#@1,가공@item_12202#@1
3002004,가죽 가슴판 II,가공@item_12202#@1,가공@item_12202#@1
3002005,가죽 레깅스 I,가공 @item_12203,가공 @item_12203
3002006,가죽 레깅스 II,가공 @item_12203,가공 @item_12203
3002007,가죽 부츠 I,가공 @item_12204,가공 @item_12204
3002008,가죽 부츠 II,가공 @item_12204,가공 @item_12204
3002009,황동 헬멧 I,가공 @item_12216,가공 @item_12216
3002010,황동 헬멧 II,가공 @item_12216,가공 @item_12216
3002011,황동 가슴판 I,가공@item_12217#@1,가공@item_12217#@1
3002012,황동 가슴판 II,가공@item_12217#@1,가공@item_12217#@1
3002013,브라스 레깅스 I,가공 @item_12218,가공 @item_12218
3002014,브라스 레깅스 II,가공 @item_12218,가공 @item_12218
3002015,황동 부츠 I,가공 @item_12219,가공 @item_12219
3002016,황동 부츠 II,가공 @item_12219,가공 @item_12219
3002017,미트릴 헬멧 I,가공 @item_12221,가공 @item_12221
3002018,미트릴 헬멧 II,가공 @item_12221,가공 @item_12221
3002019,미트릴 가슴판 I,가공 @item_12222#@1,가공 @item_12222#@1
3002020,미트릴 가슴판 II,가공 @item_12222#@1,가공 @item_12222#@1
3002021,미트릴 레깅스 I,가공 @item_12223#@1,가공 @item_12223#@1
3002022,미트릴 레깅스 II,가공 @item_12223#@1,가공 @item_12223#@1
3002023,미트릴 부츠 I,가공 @item_12224,가공 @item_12224
3002024,미트릴 부츠 II,가공 @item_12224,가공 @item_12224
3002025,체인 헬멧 I,가공 @item_12211,가공 @item_12211
3002026,체인 헬멧 II,가공 @item_12211,가공 @item_12211
3002027,체인 메일 가슴판 I,가공 @item_12212#@1,가공 @item_12212#@1
3002028,체인 메일 가슴판 II,가공 @item_12212#@1,가공 @item_12212#@1
3002029,체인 메일 레깅스 I,가공 @item_12213,가공 @item_12213
3002030,체인 메일 레깅스 II,가공 @item_12213,가공 @item_12213
3002031,체인 부츠 I,가공 @item_12214,가공 @item_12214
3002032,체인 부츠 II,가공 @item_12214,가공 @item_12214
3002033,티타늄 헬멧 I,가공 @item_12231,가공 @item_12231
3002034,티타늄 헬멧 II,가공 @item_12231,가공 @item_12231
3002035,티타늄 가슴판 I,가공@item_12232#@1,가공@item_12232#@1
3002036,티타늄 가슴판 II,가공@item_12232#@1,가공@item_12232#@1
3002037,티타늄 레깅스 I,가공 @item_12233,가공 @item_12233
3002038,티타늄 레깅스 II,가공 @item_12233,가공 @item_12233
3002039,티타늄 부츠 I,가공 @item_12234,가공 @item_12234
3002040,티타늄 부츠 II,가공 @item_12234,가공 @item_12234
3002041,텅스텐 골드 헬멧 I,가공 @item_12241,가공 @item_12241
3002042,텅스텐 골드 헬멧 II,가공 @item_12241,가공 @item_12241
3002043,텅스텐 금 가슴판 I,가공 @item_12242#@1,가공 @item_12242#@1
3002044,텅스텐 금 가슴판 II,가공 @item_12242#@1,가공 @item_12242#@1
3002045,텅스텐 레깅스 I,가공 @item_12243,가공 @item_12243
3002046,텅스텐 레깅스 II,가공 @item_12243,가공 @item_12243
3002047,텅스텐 골드 부츠 I,가공 @item_12244,가공 @item_12244
3002048,텅스텐 골드 부츠 II,가공 @item_12244,가공 @item_12244
3002049,다이빙 마스크 I,가공 @item_11642,가공 @item_11642
3002050,다이빙 마스크,가공 @item_11642,가공 @item_11642
3002051,수영복 I,가공 @item_11643#@1,가공 @item_11643#@1
3002052,수영복 II,가공 @item_11643#@1,가공 @item_11643#@1
3002053,다이빙 지느러미,가공 @item_11644,가공 @item_11644
3002054,다이빙 지느러미,가공 @item_11644,가공 @item_11644
3002055,산소 마스크 I,가공 @item_12276,가공 @item_12276
3002056,산소 마스크 II,가공 @item_12276,가공 @item_12276
3002057,고급 다이빙 마스크 I,가공 @item_11645,가공 @item_11645
3002058,고급 다이빙 마스크,가공 @item_11645,가공 @item_11645
3002059,프리미엄 수영복 I,가공 @item_11646,가공 @item_11646
3002060,프리미엄 수영복,가공 @item_11646,가공 @item_11646
3002061,고급 다이빙 지느러미,가공 @item_11647,가공 @item_11647
3002062,고급 다이빙 지느러미,가공 @item_11647,가공 @item_11647
3002063,산소 배낭 I,가공 @item_12275,가공 @item_12275
3002064,산소 배낭 II,가공 @item_12275,가공 @item_12275
3002065,코롤라 1세,가공 @item_11228,가공 @item_11228
3002066,코롤라 II,가공 @item_11228,가공 @item_11228
3002067,럭키 코롤라 1세,처리 @item_11650#@1#r(바다의 붉은 지구 섬에서 찾을 수 있음 @item_1186#),가공 @item_11650
3002068,럭키 코롤라 II,처리 @item_11650#@1#r(바다의 붉은 지구 섬에서 찾을 수 있음 @item_1186#),가공 @item_11650
3002069,가죽 망토 I,가공 @item_12205,가공 @item_12205
3002070,가죽 망토 II,가공 @item_12205,가공 @item_12205
3002071,이글거리는 망토 I,가공 @item_12206,가공 @item_12206
3002072,이글거리는 망토 II,가공 @item_12206,가공 @item_12206
3002073,텅스텐 망토 I,가공 @item_12207#@1,가공 @item_12207#@1
3002074,텅스텐 망토 II,가공 @item_12207#@1,가공 @item_12207#@1
3002075,실크 게이트 망토 I,가공 @item_12208,가공 @item_12208
3002076,실크 게이트 망토,가공 @item_12208,가공 @item_12208
3002077,미트릴 망토 I,가공 @item_12209,가공 @item_12209
3002078,미트릴 망토 II,가공 @item_12209,가공 @item_12209
3002079,용암 망토 I,처리 @item_12210#@1#r(@item_11222# 용암 흑룡을 이겨야 얻을 수 있음),가공 @item_12210
3002080,용암 망토 II,처리 @item_12210#@1#r(@item_11222# 용암 흑룡을 이겨야 얻을 수 있음),가공 @item_12210
3002081,모래 망토,"처리 @item_11639#@1#r(사막에서 모래폭풍을 만날 가능성이 매우 높으며, 모래폭풍을 걷고 싶다면 필수불가결한 @item_11639#)",가공 @item_11639
3002082,내화 백팩,처리 @item_12277#@1#r(불꽃별의 고온에 적응하려면 @item_12277#이 매우 중요합니다),가공 @item_12277#@1
3003001,낮은 수준의 공격 룬 I,@item_785#item_11603#@1에 무기를 삽입하십시오.,Inlay @item_11603
3003002,낮은 수준의 공격 룬 II,@item_785#item_11603#@1에 무기를 삽입하십시오.,Inlay @item_11603
3003003,중간 공격 룬 I,@item_785#item_11604#@1에 무기를 삽입하십시오.,Inlay @item_11604
3003004,중간 공격 룬 II,@item_785#item_11604#@1에 무기를 삽입하십시오.,Inlay @item_11604
3003005,고급 공격 룬 I,@item_785#item_11605#@1에 무기를 삽입하십시오.,Inlay @item_11605
3003006,고급 공격 룬 II,@item_785#item_11605#@1에 무기를 삽입하십시오.,Inlay @item_11605
3003007,낮은 수준의 방어 룬 I,@item_785#item_11606#@1에 모든 항목을 삽입하십시오.,Inlay @item_11606#@1
3003008,낮은 수준의 방어 룬 II,@item_785#item_11606#@1에 모든 항목을 삽입하십시오.,Inlay @item_11606#@1
3003009,중간 방어 룬 I,@item_785#item_11607#@1에 모든 항목을 삽입하십시오.,Inlay@item_11607#@1
3003010,중간 방어 룬 II,@item_785#item_11607#@1에 모든 항목을 삽입하십시오.,Inlay@item_11607#@1
3003011,고급 방어 룬 I,@item_785#item_11608#@1에 모든 항목을 삽입하십시오.,Inlay @item_11608#@1
3003012,고급 방어 룬 II,@item_785#item_11608#@1에 모든 항목을 삽입하십시오.,Inlay @item_11608#@1
3003013,저효율 룬 I,@item_785#item_11609#@1에 모든 도구를 삽입하십시오.,Inlay @item_11609
3003014,저효율 룬 II,@item_785#item_11609#@1에 모든 도구를 삽입하십시오.,Inlay @item_11609
3003015,중간 효율성 Rune I,@item_785#item_11610#@1에 모든 도구를 삽입하십시오.,Inlay @item_11610
3003016,중간 효율성 Rune II,@item_785#item_11610#@1에 모든 도구를 삽입하십시오.,Inlay @item_11610
3003017,고급 효율성 실행 I,@item_785#item_11611#@1에 모든 도구를 삽입하십시오.,Inlay @item_11611#@1
3003018,고급 효율성 실행 II,@item_785#item_11611#@1에 모든 도구를 삽입하십시오.,Inlay @item_11611#@1
3003019,유니버설 활성화 스톤 I,"모든 무기, 장비 또는 도구를 @item_785#item_11612#@1에 삽입하십시오.",Inlay@item_11612#@1
3003020,유니버설 액티베이션 스톤 II,"모든 무기, 장비 또는 도구를 @item_785#item_11612#@1에 삽입하십시오.",Inlay@item_11612#@1
3004001,야만인 전사 공공의 적 I.,Defeat Savage Warrior @1#r (Savage Warrior는 밤에 비정상적으로 활동하고 낮에는 졸음),야만인 전사 패배 @ 1
3004002,새비지 워리어 공공의 적 II,Defeat Savage Warrior @1#r (Savage Warrior는 밤에 비정상적으로 활동하고 낮에는 졸음),야만인 전사 패배 @ 1
3004003,새비지 워리어 공공의 적 III,Defeat Savage Warrior @1#r (Savage Warrior는 밤에 비정상적으로 활동하고 낮에는 졸음),야만인 전사 패배 @ 1
3004004,야만인 스프스토로워 공공의 적 I.,야만인 창 던지기 @1#r (야만인 창 던지기는 새비지 워리어와 같은 습관을 가지고 있지만 창을 조심하고 엄폐물을 조심하십시오),새비지 스피어맨을 처치하세요 @1
3004005,새비지 스피어맨 공공의 적 II,야만인 창 던지기 @1#r (야만인 창 던지기는 새비지 워리어와 같은 습관을 가지고 있지만 창을 조심하고 엄폐물을 조심하십시오),새비지 스피어맨을 처치하세요 @1
3004006,야만인 Spearthrower 공공의 적 III,야만인 창 던지기 @1#r (야만인 창 던지기는 새비지 워리어와 같은 습관을 가지고 있지만 창을 조심하고 엄폐물을 조심하십시오),새비지 스피어맨을 처치하세요 @1
3004007,야생 멍바오 공공의 적 I,Ye Mengbao @1을 물리칩니다#r(Ye Mengbao는 매우 장난꾸러기이며 때때로 스위치를 무차별적으로 눌러 농작물을 파괴할 수 있습니다),예멍바오를 물리치다 @1
3004008,예 멍바오 공공의 적 II,Ye Mengbao @1을 물리칩니다#r(Ye Mengbao는 매우 장난꾸러기이며 때때로 스위치를 무차별적으로 눌러 농작물을 파괴할 수 있습니다),예멍바오를 물리치다 @1
3004009,예 멍바오 공공의 적 III,Ye Mengbao @1을 물리칩니다#r(Ye Mengbao는 매우 장난꾸러기이며 때때로 스위치를 무차별적으로 눌러 농작물을 파괴할 수 있습니다),예멍바오를 물리치다 @1
3004010,새비지 사제 공공의 적 I,"새비지 프리스트를 물리치다 @1#r (새비지 사제들은 일반적으로 열대우림에 살고, 중력에서 벗어나 하늘을 날 수 있고, 손에 든 직원들은 마법의 공을 발사할 수 있고, 그들을 다룰 때 덮개를 찾는 데 주의를 기울일 수 있습니다)",새비지 프리스트를 물리칩니다 @1
3004011,새비지 사제 공공의 적 II,"새비지 프리스트를 물리치다 @1#r (새비지 사제들은 일반적으로 열대우림에 살고, 중력에서 벗어나 하늘을 날 수 있고, 손에 든 직원들은 마법의 공을 발사할 수 있고, 그들을 다룰 때 덮개를 찾는 데 주의를 기울일 수 있습니다)",새비지 프리스트를 물리칩니다 @1
3004012,새비지 사제 공공의 적 III,"새비지 프리스트를 물리치다 @1#r (새비지 사제들은 일반적으로 열대우림에 살고, 중력에서 벗어나 하늘을 날 수 있고, 손에 든 직원들은 마법의 공을 발사할 수 있고, 그들을 다룰 때 덮개를 찾는 데 주의를 기울일 수 있습니다)",새비지 프리스트를 물리칩니다 @1
3004013,독소 새비지 사제 공공의 적 I,Toxin Savage Priest를 물리칩니다 @1#r(습관은 다른 사제들과 동일하지만 그의 마법 공에 맞으면 독이 될 것입니다. 조심하세요),Toxin Savage Priest를 물리칩니다 @1
3004014,독소 새비지 사제 공공의 적 II,Toxin Savage Priest를 물리칩니다 @1#r(습관은 다른 사제들과 동일하지만 그의 마법 공에 맞으면 독이 될 것입니다. 조심하세요),Toxin Savage Priest를 물리칩니다 @1
3004015,독소 새비지 사제 공공의 적 III,Toxin Savage Priest를 물리칩니다 @1#r(습관은 다른 사제들과 동일하지만 그의 마법 공에 맞으면 독이 될 것입니다. 조심하세요),Toxin Savage Priest를 물리칩니다 @1
3004016,새비지 사제의 공공의 적 치유 I,힐링 새비지 프리스트를 물리칩니다 @1,힐링 새비지 프리스트를 물리칩니다 @1
3004017,힐링 새비지 사제 공공의 적 II,힐링 새비지 프리스트를 물리칩니다 @1,힐링 새비지 프리스트를 물리칩니다 @1
3004018,힐링 새비지 사제 공공의 적 III,힐링 새비지 프리스트를 물리칩니다 @1,힐링 새비지 프리스트를 물리칩니다 @1
3004019,Thunderbolt Savage Priest 공공의 적 I,Thunderbolt Savage Priest를 물리칩니다 @1#r(습관은 다른 사제들과 동일하지만 마법의 공은 번개를 방출하므로 매우 조심하십시오),Thunderbolt Savage Priest @1을 물리칩니다.
3004020,Thunderbolt Savage Priest 공공의 적 II,Thunderbolt Savage Priest를 물리칩니다 @1#r(습관은 다른 사제들과 동일하지만 마법의 공은 번개를 방출하므로 매우 조심하십시오),Thunderbolt Savage Priest @1을 물리칩니다.
3004021,Thunderbolt Savage Priest 공공의 적 III,Thunderbolt Savage Priest를 물리칩니다 @1#r(습관은 다른 사제들과 동일하지만 마법의 공은 번개를 방출하므로 매우 조심하십시오),Thunderbolt Savage Priest @1을 물리칩니다.
3004022,파이어 새비지 사제 공공의 적 I,Flame Savage Priest를 물리칩니다 @1#r(습관은 다른 사제들과 동일하지만 마법의 공이 부딪히면 불꽃이 점화됩니다. 화상을 입지 않도록 조심하십시오),Flame Savage Priest를 물리칩니다 @1
3004023,파이어 새비지 사제 공공의 적 II,Flame Savage Priest를 물리칩니다 @1#r(습관은 다른 사제들과 동일하지만 마법의 공이 부딪히면 불꽃이 점화됩니다. 화상을 입지 않도록 조심하십시오),Flame Savage Priest를 물리칩니다 @1
3004024,파이어 새비지 사제 공공의 적 III,Flame Savage Priest를 물리칩니다 @1#r(습관은 다른 사제들과 동일하지만 마법의 공이 부딪히면 불꽃이 점화됩니다. 화상을 입지 않도록 조심하십시오),Flame Savage Priest를 물리칩니다 @1
3004025,박쥐의 공공의 적 I,"박쥐를 물리치다 @1#r (박쥐의 작은 크기는 민첩하게 자르고, 근거리 무기로 빠른 해결에 가까워질 때까지 기다리는 것이 가장 좋습니다.)",박쥐를 물리치다 @1
3004026,박쥐의 공공의 적 II,"박쥐를 물리치다 @1#r (박쥐의 작은 크기는 민첩하게 자르고, 근거리 무기로 빠른 해결에 가까워질 때까지 기다리는 것이 가장 좋습니다.)",박쥐를 물리치다 @1
3004027,박쥐의 공공의 적 III,"박쥐를 물리치다 @1#r (박쥐의 작은 크기는 민첩하게 자르고, 근거리 무기로 빠른 해결에 가까워질 때까지 기다리는 것이 가장 좋습니다.)",박쥐를 물리치다 @1
3004028,룬 몬스터 공공의 적 I,Runic Monsters를 물리칩니다 @1#r (Runic Monsters는 Runic ore에 숨어 있습니다. Runic ore를 파면 항상 주의를 기울이십시오),룬 몬스터를 물리치다 @1
3004029,룬 몬스터 공공의 적 II,Runic Monsters를 물리칩니다 @1#r (Runic Monsters는 Runic ore에 숨어 있습니다. Runic ore를 파면 항상 주의를 기울이십시오),룬 몬스터를 물리치다 @1
3004030,룬 몬스터 공공의 적 III,Runic Monsters를 물리칩니다 @1#r (Runic Monsters는 Runic ore에 숨어 있습니다. Runic ore를 파면 항상 주의를 기울이십시오),룬 몬스터를 물리치다 @1
3004031,보이드 사도들의 공공의 적 I,"보이드 사도를 물리치다 @1#r(보이드 사도는 모든 생물의 창조력을 훔칠 것이다, 등을 돌리지 마라)",보이드 사도를 물리치다 @1
3004032,보이드 사도들의 공공의 적 II,"보이드 사도를 물리치다 @1#r(보이드 사도는 모든 생물의 창조력을 훔칠 것이다, 등을 돌리지 마라)",보이드 사도를 물리치다 @1
3004033,보이드 사도들의 공공의 적 III,"보이드 사도를 물리치다 @1#r(보이드 사도는 모든 생물의 창조력을 훔칠 것이다, 등을 돌리지 마라)",보이드 사도를 물리치다 @1
3004034,해적 마로더 공공의 적 I,해적 마로더를 물리치다 @1#r(해적들은 항상 무리를 지어 섬에 주둔한다),해적 마로더스를 물리칩니다 @1
3004035,해적 포식자 공공의 적 II,해적 마로더를 물리치다 @1#r(해적들은 항상 무리를 지어 섬에 주둔한다),해적 마로더스를 물리칩니다 @1
3004036,해적 포식자 공공의 적 III,해적 마로더를 물리치다 @1#r(해적들은 항상 무리를 지어 섬에 주둔한다),해적 마로더스를 물리칩니다 @1
3004037,해적 사냥꾼 공공의 적 I,해적 사냥꾼을 물리치다 @1#r (해적선이 침몰하면 그들을 만날 수 있습니다!),해적 사냥꾼을 물리치다 @1
3004038,해적 사냥꾼 공공의 적 II,해적 사냥꾼을 물리치다 @1#r (해적선이 침몰하면 그들을 만날 수 있습니다!),해적 사냥꾼을 물리치다 @1
3004039,해적 사냥꾼 공공의 적 III,해적 사냥꾼을 물리치다 @1#r (해적선이 침몰하면 그들을 만날 수 있습니다!),해적 사냥꾼을 물리치다 @1
3004040,작은 코르세어 공공의 적 I,작은 해적선을 물리칩니다 @1#r (작은 해적선은 더 민첩하지만 물리치기 쉽습니다),작은 해적선을 물리칩니다 @1
3004041,작은 해적선 공공의 적 II,작은 해적선을 물리칩니다 @1#r (작은 해적선은 더 민첩하지만 물리치기 쉽습니다),작은 해적선을 물리칩니다 @1
3004042,작은 코르세어 공공의 적 III,작은 해적선을 물리칩니다 @1#r (작은 해적선은 더 민첩하지만 물리치기 쉽습니다),작은 해적선을 물리칩니다 @1
3004043,미디엄 코르세어 공공의 적 I,"미디엄 해적선 격퇴 @1#r (미디엄 해적선은 모든 면에서 공정하며, 격파한 후 떨어진 보물상자에 주목하세요)",미디엄 코르세어 물리치기 @1
3004044,미디엄 코르세어 공공의 적 II,"미디엄 해적선 격퇴 @1#r (미디엄 해적선은 모든 면에서 공정하며, 격파한 후 떨어진 보물상자에 주목하세요)",미디엄 코르세어 물리치기 @1
3004045,미디엄 코르세어 공공의 적 III,"미디엄 해적선 격퇴 @1#r (미디엄 해적선은 모든 면에서 공정하며, 격파한 후 떨어진 보물상자에 주목하세요)",미디엄 코르세어 물리치기 @1
3004046,대형 해적선 공공의 적 I,대형 해적선 격퇴 @1#r (대형 해적선은 큰 타격을 받으면 폭탄 보트를 풀어줄 테니 폭파되지 않도록 조심하세요),대형 해적선 격퇴 @1
3004047,큰 코르세어 공공의 적 II,대형 해적선 격퇴 @1#r (대형 해적선은 큰 타격을 받으면 폭탄 보트를 풀어줄 테니 폭파되지 않도록 조심하세요),대형 해적선 격퇴 @1
3004048,큰 코르세어 공공의 적 III,대형 해적선 격퇴 @1#r (대형 해적선은 큰 타격을 받으면 폭탄 보트를 풀어줄 테니 폭파되지 않도록 조심하세요),대형 해적선 격퇴 @1
3004049,공공의 적 I,블라스트 에그 격퇴 @1#r(블라스트 에그는 화산 지역에서 더 흔하지만 이름과 마찬가지로 언제든지 폭발할 수 있습니다),폭탄 달걀을 물리치다 @1
3004050,공공의 적 II,블라스트 에그 격퇴 @1#r(블라스트 에그는 화산 지역에서 더 흔하지만 이름과 마찬가지로 언제든지 폭발할 수 있습니다),폭탄 달걀을 물리치다 @1
3004051,팝핑 에그 공공의 적 III,블라스트 에그 격퇴 @1#r(블라스트 에그는 화산 지역에서 더 흔하지만 이름과 마찬가지로 언제든지 폭발할 수 있습니다),폭탄 달걀을 물리치다 @1
3004052,포이즌테일 스콜피온 공공의 적 I,"독꼬리 전갈을 물리치다 @1#r(사막에서 독꼬리 전갈 무리를 만나면 세게 들고 다니지 마라, 실수로 마비되는 것은 농담이 아니다)",포이즌 테일 스콜피온 물리치기 @1
3004053,독꼬리 전갈 공공의 적 II,"독꼬리 전갈을 물리치다 @1#r(사막에서 독꼬리 전갈 무리를 만나면 세게 들고 다니지 마라, 실수로 마비되는 것은 농담이 아니다)",포이즌 테일 스콜피온 물리치기 @1
3004054,포이즌테일 스콜피온 공공의 적 III,"독꼬리 전갈을 물리치다 @1#r(사막에서 독꼬리 전갈 무리를 만나면 세게 들고 다니지 마라, 실수로 마비되는 것은 농담이 아니다)",포이즌 테일 스콜피온 물리치기 @1
3004055,헤일링은 공공의 적을 지킨다,바다 정령 경비대 격퇴 @1#r (바다 정령 경비대 무리는 종종 바다 밑바닥의 난파선 근처에서 발견될 수 있습니다),헤일링 가드를 물리치다 @1
3004056,헤일링 가드 공공의 적 II,바다 정령 경비대 격퇴 @1#r (바다 정령 경비대 무리는 종종 바다 밑바닥의 난파선 근처에서 발견될 수 있습니다),헤일링 가드를 물리치다 @1
3004057,헤일링 가드 공공의 적 III,바다 정령 경비대 격퇴 @1#r (바다 정령 경비대 무리는 종종 바다 밑바닥의 난파선 근처에서 발견될 수 있습니다),헤일링 가드를 물리치다 @1
3004058,경비원 공공의 적 I,모래 수호자를 물리치십시오 @1#r(모래 수호자는 사막 오아시스 지하에서 찾을 수 있습니다),판매 가드를 물리칩니다 @1
3004059,경비원 공공의 적 II,모래 수호자를 물리치십시오 @1#r(모래 수호자는 사막 오아시스 지하에서 찾을 수 있습니다),판매 가드를 물리칩니다 @1
3004060,경비원 공공의 적 III,모래 수호자를 물리치십시오 @1#r(모래 수호자는 사막 오아시스 지하에서 찾을 수 있습니다),판매 가드를 물리칩니다 @1
3004061,용암 거대 공공의 적 I,"용암 거인을 물리치다#r(일반적으로 화산, 불타는 별 등 뜨거운 곳에서 발생함)",용암 거인을 물리치다 @1
3004062,용암 거대 공공의 적 II,"용암 거인을 물리치다#r(일반적으로 화산, 불타는 별 등 뜨거운 곳에서 발생함)",용암 거인을 물리치다 @1
3004063,용암 거대 공공의 적 III,"용암 거인을 물리치다#r(일반적으로 화산, 불타는 별 등 뜨거운 곳에서 발생함)",용암 거인을 물리치다 @1
3004064,유황 궁수 공공의 적 I,브림스톤 궁수를 물리치다 @1#r(일반적으로 불타는 별에서 볼 수 있음),브림스톤 궁수를 물리칩니다 @1
3004065,유황 궁수 공공의 적 II,브림스톤 궁수를 물리치다 @1#r(일반적으로 불타는 별에서 볼 수 있음),브림스톤 궁수를 물리칩니다 @1
3004066,유황 궁수 공공의 적 III,브림스톤 궁수를 물리치다 @1#r(일반적으로 불타는 별에서 볼 수 있음),브림스톤 궁수를 물리칩니다 @1
3004067,귀여운 눈 딩 공공의 적 I,팅크를 물리치다#r (폭탄을 조심하세요!),귀여운 눈동자를 물리치다 @1
3004068,귀여운 눈동자 딩 공공의 적 II,팅크를 물리치다#r (폭탄을 조심하세요!),귀여운 눈동자를 물리치다 @1
3004069,귀여운 눈동자 딩 공공의 적 III,팅크를 물리치다#r (폭탄을 조심하세요!),귀여운 눈동자를 물리치다 @1
3004070,귀여운 눈 노크 노크 공공의 적 I,귀여운 눈동자 동동을 물리치세요#r (얼음 결정을 조심하세요!),귀여운 눈 동동을 물리치다 @1
3004071,귀여운 눈 노크 노크 공공의 적 II,귀여운 눈동자 동동을 물리치세요#r (얼음 결정을 조심하세요!),귀여운 눈 동동을 물리치다 @1
3004072,귀여운 눈 노크 노크 공공의 적 III,귀여운 눈동자 동동을 물리치세요#r (얼음 결정을 조심하세요!),귀여운 눈 동동을 물리치다 @1
3004073,귀여운 눈은 공공의 적이 되어야 합니다,귀여운 눈 당당을 물리치다 @1#r(충돌 조심하세요!),귀여운 눈 당당을 물리치다 @1
3004074,공공의 적이 될 때 귀여운 눈 II,귀여운 눈 당당을 물리치다 @1#r(충돌 조심하세요!),귀여운 눈 당당을 물리치다 @1
3004075,귀여운 눈 당당 공공의 적 III,귀여운 눈 당당을 물리치다 @1#r(충돌 조심하세요!),귀여운 눈 당당을 물리치다 @1
3004076,귀여운 눈 공공의 적 I,"귀여운 눈을 때려 @1#r(귀여운 눈을 자극할 수 없어, 자극하지 않도록 해)",귀여운 눈을 물리치다 @1
3004077,귀여운 눈 공공의 적 II,"귀여운 눈을 때려 @1#r(귀여운 눈을 자극할 수 없어, 자극하지 않도록 해)",귀여운 눈을 물리치다 @1
3004078,"귀여운 눈, 공공의 적 III","귀여운 눈을 때려 @1#r(귀여운 눈을 자극할 수 없어, 자극하지 않도록 해)",귀여운 눈을 물리치다 @1
3004079,얼음 정령은 공공의 적 I을 지키고 있습니다.,얼음 정령 수호자 @1#r을 물리치세요 (일부 얼음 정령 수호자는 얼어붙은 긴 막대기를 손에 쥐고 가까이 하지 않을 수 있습니다),얼음 정령 수호대 처치 @ 1
3004080,아이스 스피릿 가드 공공의 적 II,얼음 정령 수호자 @1#r을 물리치세요 (일부 얼음 정령 수호자는 얼어붙은 긴 막대기를 손에 쥐고 가까이 하지 않을 수 있습니다),얼음 정령 수호대 처치 @ 1
3004081,얼음 정령 수호자 공공의 적 III,얼음 정령 수호자 @1#r을 물리치세요 (일부 얼음 정령 수호자는 얼어붙은 긴 막대기를 손에 쥐고 가까이 하지 않을 수 있습니다),얼음 정령 수호대 처치 @ 1
3004082,서리 야만인 사제 공공의 적 I.,Frost Savage Priest를 물리치세요 @1#r (Frost Savage Priest는 더 위축되어 열대 우림과 같은 덥고 습한 곳보다 극지 동굴을 선호합니다),동상 야만인 사제 처치 @ 1
3004083,동상 야만인 사제 공공의 적 II,Frost Savage Priest를 물리치세요 @1#r (Frost Savage Priest는 더 위축되어 열대 우림과 같은 덥고 습한 곳보다 극지 동굴을 선호합니다),동상 야만인 사제 처치 @ 1
3004084,서리 야만인 사제 공공의 적 III,Frost Savage Priest를 물리치세요 @1#r (Frost Savage Priest는 더 위축되어 열대 우림과 같은 덥고 습한 곳보다 극지 동굴을 선호합니다),동상 야만인 사제 처치 @ 1
3005001,낙서 새 사냥꾼 I,두들 새를 이겨라 @1#r (두들 새는 음식과 깃털의 주요 공급원 중 하나입니다),낙서 새 @1
3005002,두들 버드 헌터 II,두들 새를 이겨라 @1#r (두들 새는 음식과 깃털의 주요 공급원 중 하나입니다),낙서 새 @1
3005003,두들 버드 헌터 III,두들 새를 이겨라 @1#r (두들 새는 음식과 깃털의 주요 공급원 중 하나입니다),낙서 새 @1
3005004,보우 비스트 헌터 1세,볼보를 물리치다 @1#r (볼보는 음식과 가죽의 주요 공급원 중 하나이므로 반격할 수 있으니 조심하세요),볼보를 물리치다 @1
3005005,볼보 헌터 II,볼보를 물리치다 @1#r (볼보는 음식과 가죽의 주요 공급원 중 하나이므로 반격할 수 있으니 조심하세요),볼보를 물리치다 @1
3005006,볼보 헌터 III,볼보를 물리치다 @1#r (볼보는 음식과 가죽의 주요 공급원 중 하나이므로 반격할 수 있으니 조심하세요),볼보를 물리치다 @1
3005007,마운드 헌터 I.,Beat Dun Dun @1#r (Dun Dun은 주요 식량 공급원 중 하나이며 때때로 똥을 생성합니다),비트 던 던 @ 1
3005008,마운드 헌터 II,Beat Dun Dun @1#r (Dun Dun은 주요 식량 공급원 중 하나이며 때때로 똥을 생성합니다),비트 던 던 @ 1
3005009,마운드 헌터 III,Beat Dun Dun @1#r (Dun Dun은 주요 식량 공급원 중 하나이며 때때로 똥을 생성합니다),비트 던 던 @ 1
3005010,뿔이 달린 사슴 사냥꾼 I,뿔 달린 사슴을 이겨라 @1#r (뿔 달린 사슴은 주요 식량원 중 하나입니다),뿔 달린 사슴을 물리치다 @1
3005011,뿔이 달린 사슴 사냥꾼 II,뿔 달린 사슴을 이겨라 @1#r (뿔 달린 사슴은 주요 식량원 중 하나입니다),뿔 달린 사슴을 물리치다 @1
3005012,뿔이 달린 사슴 사냥꾼 III,뿔 달린 사슴을 이겨라 @1#r (뿔 달린 사슴은 주요 식량원 중 하나입니다),뿔 달린 사슴을 물리치다 @1
3005013,폭스 헌터 1세,여우를 물리치다 @1#r(여우는 가죽의 주요 공급원 중 하나이므로 반격할 수 있으니 조심하세요),여우를 물리치다 @1
3005014,폭스 헌터 II,여우를 물리치다 @1#r(여우는 가죽의 주요 공급원 중 하나이므로 반격할 수 있으니 조심하세요),여우를 물리치다 @1
3005015,폭스 헌터 3세,여우를 물리치다 @1#r(여우는 가죽의 주요 공급원 중 하나이므로 반격할 수 있으니 조심하세요),여우를 물리치다 @1
3005016,데저트 울프 헌터 1세,데저트 울프를 물리치다 @1#r(데저트 울프는 가죽의 주요 공급원 중 하나이므로 반격할 수 있으니 조심하세요),사막 늑대를 물리치다 @1
3005017,데저트 울프 헌터 II,데저트 울프를 물리치다 @1#r(데저트 울프는 가죽의 주요 공급원 중 하나이므로 반격할 수 있으니 조심하세요),사막 늑대를 물리치다 @1
3005018,데저트 울프 헌터 III,데저트 울프를 물리치다 @1#r(데저트 울프는 가죽의 주요 공급원 중 하나이므로 반격할 수 있으니 조심하세요),사막 늑대를 물리치다 @1
3005019,야생 타조 사냥꾼 I,야생 타조를 물리치다 @1#r(@item_12607#은 사막에서 희귀한 식량원),야생 타조를 물리치다 @1
3005020,야생 타조 사냥꾼 II,야생 타조를 물리치다 @1#r(@item_12607#은 사막에서 희귀한 식량원),야생 타조를 물리치다 @1
3005021,야생 타조 사냥꾼 III,야생 타조를 물리치다 @1#r(@item_12607#은 사막에서 희귀한 식량원),야생 타조를 물리치다 @1
3005022,레오파드 헌터 1세,표범을 물리치다 @1#r (열대우림에서 표범 매복을 조심하세요),표범을 물리치다 @1
3005023,레오파드 헌터 II,표범을 물리치다 @1#r (열대우림에서 표범 매복을 조심하세요),표범을 물리치다 @1
3005024,레오파드 헌터 3세,표범을 물리치다 @1#r (열대우림에서 표범 매복을 조심하세요),표범을 물리치다 @1
3005025,플라잉 치킨 헌터 1세,"날으는 닭을 이겨라 @1#r (평원의 빈 섬에서 만날 것이다, 날으는 닭은 깃털의 주요 공급원 중 하나이다)",날으는 닭을 물리치다 @1
3005026,플라잉 치킨 헌터 II,"날으는 닭을 이겨라 @1#r (평원의 빈 섬에서 만날 것이다, 날으는 닭은 깃털의 주요 공급원 중 하나이다)",날으는 닭을 물리치다 @1
3005027,플라잉 치킨 헌터 III,날으는 닭을 이겨라 @1#r (날으는 닭은 깃털의 주요 공급원 중 하나입니다),날으는 닭을 물리치다 @1
3005028,파이팅 치킨 헌터 I,"배틀 치킨을 물리치다 @1#r (배틀 치킨은 사납다, 붉은 지구 섬에서 조심하라)",배틀 치킨을 물리치다 @1
3005029,파이팅 치킨 헌터 II,"배틀 치킨을 물리치다 @1#r (배틀 치킨은 사납다, 붉은 지구 섬에서 조심하라)",배틀 치킨을 물리치다 @1
3005030,파이팅 치킨 헌터 III,"배틀 치킨을 물리치다 @1#r (배틀 치킨은 사납다, 붉은 지구 섬에서 조심하라)",배틀 치킨을 물리치다 @1
3005031,비명을 지르는 치킨 헌터 I,"비명을 지르는 치킨 @1#r(귀여운 눈에 등장하는 종, 드롭 @item_11069#일부 소품의 재료로 사용할 수 있음)",비명을 지르는 치킨을 물리치다 @1
3005032,비명을 지르는 치킨 헌터 II,"비명을 지르는 치킨 @1#r(귀여운 눈에 등장하는 종, 드롭 @item_11069#일부 소품의 재료로 사용할 수 있음)",비명을 지르는 치킨을 물리치다 @1
3005033,비명을 지르는 치킨 헌터 III,"비명을 지르는 치킨 @1#r(귀여운 눈에 등장하는 종, 드롭 @item_11069#일부 소품의 재료로 사용할 수 있음)",비명을 지르는 치킨을 물리치다 @1
3005034,갈매기 사냥꾼 1세,갈매기 물리치기 @1#r(갈매기 깃털은 보통 물속에서 날아다니는 활과 화살을 만드는 데 사용할 수 있습니다),갈매기를 물리치다 @1
3005035,갈매기 사냥꾼 II,갈매기 물리치기 @1#r(갈매기 깃털은 보통 물속에서 날아다니는 활과 화살을 만드는 데 사용할 수 있습니다),갈매기를 물리치다 @1
3005036,갈매기 사냥꾼 III,갈매기 물리치기 @1#r(갈매기 깃털은 보통 물속에서 날아다니는 활과 화살을 만드는 데 사용할 수 있습니다),갈매기를 물리치다 @1
3005037,크랩 헌터 1세,"게를 물리치다 @1#r (게 클램프를 조심하세요, 불행히도 잡히면 몇 번 더 공격해서 버리세요)",게를 물리치다 @1
3005038,크랩 헌터 II,"게를 물리치다 @1#r (게 클램프를 조심하세요, 불행히도 잡히면 몇 번 더 공격해서 버리세요)",게를 물리치다 @1
3005039,크랩 헌터 III,"게를 물리치다 @1#r (게 클램프를 조심하세요, 불행히도 잡히면 몇 번 더 공격해서 버리세요)",게를 물리치다 @1
3005040,Yan Yan Crab Hunter I,Yan Yan Crab @1 #r (Yan Yan Crab이 해안에 있을 때 아무도 마그마에 몸을 담그고 싶어하지 않습니다),Yan Crab을 물리치다 @1
3005041,Yan Yan Crab Hunter II,Yan Yan Crab @1 #r (Yan Yan Crab이 해안에 있을 때 아무도 마그마에 몸을 담그고 싶어하지 않습니다),Yan Crab을 물리치다 @1
3005042,Yan Yan Crab Hunter III,Yan Yan Crab @1 #r (Yan Yan Crab이 해안에 있을 때 아무도 마그마에 몸을 담그고 싶어하지 않습니다),Yan Crab을 물리치다 @1
3005043,반딧불 포수 I,@item_11320#을 사용하여 반딧불이를 잡으십시오 @1#r(일반적으로 피치트리 분지 생태계에 나타납니다),반딧불이 잡기 @1
3005044,반딧불 포수 II,@item_11320#을 사용하여 반딧불이를 잡으십시오 @1#r(일반적으로 피치트리 분지 생태계에 나타납니다),반딧불이 잡기 @1
3005045,반딧불 포수 III,@item_11320#을 사용하여 반딧불이를 잡으십시오 @1#r(일반적으로 피치트리 분지 생태계에 나타납니다),반딧불이 잡기 @1
3005046,원숭이 나비 포수 I,@item_11320#을 사용하여 빨간 머틀 나비를 잡으십시오 @1#r(일반적으로 초원의 빈 섬 근처에 나타납니다),빨간 나비를 잡아라 @1
3005047,원숭이 나비 포수 II,@item_11320#을 사용하여 빨간 머틀 나비를 잡으십시오 @1#r(일반적으로 초원의 빈 섬 근처에 나타납니다),빨간 나비를 잡아라 @1
3005048,원숭이 나비 포수 III,@item_11320#을 사용하여 빨간 머틀 나비를 잡으십시오 @1#r(일반적으로 초원의 빈 섬 근처에 나타납니다),빨간 나비를 잡아라 @1
3005049,블루 버터플라이 캐처 I,@item_11320#을 사용하여 푸른 나비를 잡으십시오 @1#r(일반적으로 초원의 빈 섬 근처에 나타납니다),푸른 나비 잡기 @1
3005050,블루 버터플라이 캐처 II,@item_11320#을 사용하여 푸른 나비를 잡으십시오 @1#r(일반적으로 초원의 빈 섬 근처에 나타납니다),푸른 나비 잡기 @1
3005051,블루 버터플라이 캐처 III,@item_11320#을 사용하여 푸른 나비를 잡으십시오 @1#r(일반적으로 초원의 빈 섬 근처에 나타납니다),푸른 나비 잡기 @1
3005052,향기로운 나비 포수 I,@item_11320#을 사용하여 향긋한 분홍색 나비를 잡으십시오 @1#r(일반적으로 초원의 빈 섬 근처에 나타납니다),향기로운 나비 잡기 @1
3005053,향기로운 나비 포수 II,@item_11320#을 사용하여 향긋한 분홍색 나비를 잡으십시오 @1#r(일반적으로 초원의 빈 섬 근처에 나타납니다),향기로운 나비 잡기 @1
3005054,향기로운 나비 포수 III,@item_11320#을 사용하여 향긋한 분홍색 나비를 잡으십시오 @1#r(일반적으로 초원의 빈 섬 근처에 나타납니다),향기로운 나비 잡기 @1
3005055,흰 나비 포수 I,@item_11320#을 사용하여 흰색 향기로운 나비를 잡으십시오 @1#r(일반적으로 초원의 빈 섬 근처에 나타납니다),흰 나비 잡기 @1
3005056,흰 나비 포수 II,@item_11320#을 사용하여 흰색 향기로운 나비를 잡으십시오 @1#r(일반적으로 초원의 빈 섬 근처에 나타납니다),흰 나비 잡기 @1
3005057,흰 나비 포수 III,@item_11320#을 사용하여 흰색 향기로운 나비를 잡으십시오 @1#r(일반적으로 초원의 빈 섬 근처에 나타납니다),흰 나비 잡기 @1
3005058,롱신 버터플라이 캐처 I,@item_11320#을 사용하여 용자 나비를 잡으십시오 @1#r(일반적으로 초원의 빈 섬 근처에 나타납니다),긴 신 나비 잡기 @1
3005059,롱신 버터플라이 캐처 II,@item_11320#을 사용하여 용자 나비를 잡으십시오 @1#r(일반적으로 초원의 빈 섬 근처에 나타납니다),긴 신 나비 잡기 @1
3005060,롱신 버터플라이 캐처 III,@item_11320#을 사용하여 용자 나비를 잡으십시오 @1#r(일반적으로 초원의 빈 섬 근처에 나타납니다),긴 신 나비 잡기 @1
3005061,혀 벨 나비 포수 I,@item_11320#을 사용하여 혀의 종 나비를 잡으십시오 @1#r(일반적으로 초원의 빈 섬 근처에 나타납니다),혀 종 나비 잡기 @1
3005062,혀 벨 나비 포수 II,@item_11320#을 사용하여 혀의 종 나비를 잡으십시오 @1#r(일반적으로 초원의 빈 섬 근처에 나타납니다),혀 종 나비 잡기 @1
3005063,혀 벨 나비 포수 III,@item_11320#을 사용하여 혀의 종 나비를 잡으십시오 @1#r(일반적으로 초원의 빈 섬 근처에 나타납니다),혀 종 나비 잡기 @1
3005064,스노우 헤어 헌터 I.,스노우 래빗을 물리치세요 @1#r (스노우 래빗은 빙원에서 가장 흔한 생물이자 빙원에서 중요한 생존 자원의 주요 공급원입니다),비트 스노우 래빗 @ 1
3005065,스노우 헤어 헌터 II,스노우 래빗을 물리치세요 @1#r (스노우 래빗은 빙원에서 가장 흔한 생물이자 빙원에서 중요한 생존 자원의 주요 공급원입니다),비트 스노우 래빗 @ 1
3005066,스노우 헤어 헌터 III,스노우 래빗을 물리치세요 @1#r (스노우 래빗은 빙원에서 가장 흔한 생물이자 빙원에서 중요한 생존 자원의 주요 공급원입니다),비트 스노우 래빗 @ 1
4001001,눈부신 빛,"바다에서 랜턴 물고기를 이기고, 글로우 스틱 해조류 물고기는 @item_11318#@1#r(랜턴 물고기, 글로우 스틱 해조류 물고기, 보통 심해에서 발견됨)",@item_11318#@1을 얻으십시오.
4001002,어둠을 쫓아내,@item_12599#@1을 얻기 위한 처리#r(처리를 위해 @item_797#을 사용해야 함),처리 get@item_12599#@1
4001003,저주를 풀다 - Savage Companion,@item_12599 # 사용 잠자는 새비지 워리어를 노크하여 저주를 풀고 @item_12502#을 먹도록 초대하세요. #r (밤에 @item_1200#roast를 사용하면 모닥불 옆에서 잠이 드는 야생 전사를 끌어들일 수 있습니다...),무료 야만인 전사 @1
4001004,나무꾼으로 변경,야만인 파트너에게 @item_11003#@1을 주세요#r(@item_11003#을 누르고 야만인 파트너를 클릭하여 넘겨주세요),동료 야만인들에게 @item_11003#@1을 주세요
4001005,변경된 가드,야만인 파트너에게 @item_12003 #@1을 줘#r (@item_12003 #을 잡고 야만인 파트너를 클릭하여 넘겨주세요),동료 야만인들에게 @item_12003 #@1을 주세요
4001006,나무 심기 돕기,@item_11023#@1을 Savage Partner@1에게 주세요#r(@item_11023#을 누르고 Savage Partner를 클릭하여 넘겨주세요),동료 야만인들에게 @item_11023#@1을 주세요
4001007,나무꾼 작업 공간,@item_1204#@1을 배치하십시오#r(그런 다음 나무꾼이 @item_1204# 주변에서 작동합니다),장소 @item_1204#@1
4001008,저주를 풀다 - 사냥꾼 동료,잠자는 야만인 창 던지기를 @item_12599 #Knock 사용하여 저주를 풀고 @item_12502#을 먹도록 초대하세요. #r (밤에 @item_1200#roast를 사용하여 야생 창 던지는 사람을 유인하면 야생 창 던지는 사람이 가득 차면 모닥불 옆에서 잠이 듭니다...),새비지 스프어스로워 구출 @1
4001009,변신 궁수,@item_12050 #@1交给猎手伙伴#r (handheld@item_12050# 사냥꾼 동료를 클릭하여 제공),윌 @item_12050 #@1交给猎手伙伴
4001010,작업 영역 보호,@item_1205#@1#r 배치 (그러면 경비원이 @item_1205# 주변에서 일합니다),장소 @item_1205#@1
4001011,변한 농부,@item_11033#@1을 헌터 파트너에게 줘#r(@item_11033#을 누르고 헌터 파트너를 클릭하여 줘),동료 사냥꾼들에게 @item_11033#@1을 주세요
4001012,농부 작업 영역,@item_1203#@1#r(농부가 @item_1203# 주변에서 일할 것입니다),장소 @item_1203#@1
4001013,저주를 없애다 - Mengbao 파트너,@item_12599#를 사용하여 잠자는 야생의 귀여운 보물을 두드려 저주를 불식시킨 다음 @item_12502#를 먹도록 초대합니다. #r(밤에 @item_1200# 바베큐를 사용하여 야생의 귀여운 보물을 유인하면 야생의 귀여운 보물이 식사 후 모닥불 옆에서 잠이 듭니다...),구조 예멍바오 @1
4001014,전근 도우미,Mengbao Partner에게 @item_800#@1을 줘#r (@item_800 #을 누르고 Mengbao Partner를 클릭하여 넘겨주세요),Mengbao 파트너에게 @item_800 #@1 제공
4001015,부족 만들기,"장소 @item_1202#@1#r (이 지역은 파트너를 위한 모임 장소가 될 것이며, 파트너는 @item_1202# 주변의 상자에 물품을 보관할 것입니다)",장소 @item_1202#@1
4002001,끈질긴 노력 I,반복되는 실패와 반복되는 전투 @1#r(낙담하지 말고 계속 잘하세요),실패와 실패 @1
4002002,끈질긴 노력 II,반복되는 실패와 반복되는 전투 @1#r(낙담하지 말고 계속 잘하세요),실패와 실패 @1
4002003,끈질긴 노력 III,반복되는 실패와 반복되는 전투 @1#r(낙담하지 말고 계속 잘하세요),실패와 실패 @1
4002004,산소 영역 I,@item_11075#를 사용하여 @item_1042#@1을 활성화하십시오#r(활성화 후에는 큰 산소 영역이 생성될 수 있으며 산소 영역의 저산소증에 대해 걱정할 필요가 없습니다),@item_1042#@1 활성화
4002005,산소 영역 II,@item_11075#를 사용하여 @item_1042#@1을 활성화하십시오#r(활성화 후에는 큰 산소 영역이 생성될 수 있으며 산소 영역의 저산소증에 대해 걱정할 필요가 없습니다),@item_1042#@1 활성화
4002006,산소 구역 III,@item_11075#를 사용하여 @item_1042#@1을 활성화하십시오#r(활성화 후에는 큰 산소 영역이 생성될 수 있으며 산소 영역의 저산소증에 대해 걱정할 필요가 없습니다),@item_1042#@1 활성화
4002007,표시 사이트 I,@item_11076#을 사용하여 @item_1042#@1#r(지도에서 마커를 생성하려면 불을 켜십시오),@item_1042#@1을 켜십시오.
4002008,표시된 위치 II,@item_11076#을 사용하여 @item_1042#@1#r(지도에서 마커를 생성하려면 불을 켜십시오),@item_1042#@1을 켜십시오.
4002009,표시된 위치 III,@item_11076#을 사용하여 @item_1042#@1#r(지도에서 마커를 생성하려면 불을 켜십시오),@item_1042#@1을 켜십시오.
4002010,미라 서바이벌 I,Myra @1일 생존,Myra @1일 생존
4002011,미라 서바이벌 II,Myra @1일 생존,Myra @1일 생존
4002012,미라 서바이벌 III,Myra @1일 생존,Myra @1일 생존
4002013,불타는 별 서바이벌 I,불타는 별에서 살아남기 @1일,불타는 별에서 살아남기 @1일
4002014,불타는 별 서바이벌 II,불타는 별에서 살아남기 @1일,불타는 별에서 살아남기 @1일
4002015,불타는 별 서바이벌 III,불타는 별에서 살아남기 @1일,불타는 별에서 살아남기 @1일
4002016,귀여운 눈 생존 I,귀여운 눈으로 살아남기 @1일,귀여운 눈으로 살아남기 @1일
4002017,귀여운 눈 서바이벌 II,귀여운 눈으로 살아남기 @1일,귀여운 눈으로 살아남기 @1일
4002018,귀여운 눈 서바이벌 III,귀여운 눈으로 살아남기 @1일,귀여운 눈으로 살아남기 @1일
4003001,사막 모험!,Myra에서 사막 생태계에 발을 들여 놓으십시오.,미라에서 사막 찾기
4003002,오아시스를 발견하세요!,미라 사막에서 오아시스 생태 찾기 및 입력,사막에서 오아시스 찾기
4003003,상업의 길 - 사막 I,오아시스 캠프 @1에서 친절한 상인들과 거래하십시오#r(여기 상인들은 사막 유적에 들어가기 위한 핵심 소품으로 소문난 @item_11637#이라는 것을 판매합니다),오아시스 캠프에서 친절한 상인들과 거래 @1
4003004,상업의 길 - 사막 II,오아시스 캠프에서 배반적인 상인들과 거래하세요#r (가격은 사장님과 똑같아 보입니다!),오아시스 캠프에서 위험한 상인들과 거래 @1
4003005,상업의 길 - 사막 III,오아시스 캠프에서 신비한 상인과 거래 @1#r(캐러밴에는 평범한 사람들과 매우 다른 옷을 입고 다른 방식으로 거래하는 상인이 있습니다. 그는 원하는대로 사람들과 헛소리를 하는 것을 좋아하지 않습니다.),오아시스 캠프에서 신비한 상인과 거래 @1
4003006,너무 크다,"자이언트 포이즌 테일 스콜피온 @1 #r (사막에는 많은 포이즌 테일 스콜피온이 숨겨져 있는데, 일정 수를 물리친 후에는 빅 브라더에게 도움을 요청할 것입니다...)",패배 @item_13829
4003007,흐르는 모래,@item_11637#@1 #r @item_29#(@item_11637 #은 일부 사각형을 고체에서 액체로 바꿀 수 있습니다. 충전하고 적중 사각형을 던지십시오.),던지기 @item_11637
4003008,아하! 내꺼야!,사막 유적(사막 오아시스 아래 유적 중앙에는 먼지로 뒤덮인 전생 기술이 있습니다. ..),사막 유적에서 @item_11575 찾기
4003009,사막 통치자의 전투,모래의 제왕을 물리치고 @item_12311##r(일반적으로 모래폭풍이 동반됩니다),사와라 경을 물리치고 @item_12311#을 얻으십시오.
4003010,사막을 정복하십시오!,"""황무지 여행자"" 목표의 모든 임무를 완료하십시오.","""황무지 여행자"" 목표의 모든 임무를 완료하십시오."
4004001,얕은 바다 모험!,미라의 얕은 바다 생태 #r에 발을 들여 놓으십시오(얕은 바다 지역은 동식물이 풍부하고 수압이 작으며 비교적 안전합니다).,미라에서 얕은 바다 찾기
4004002,산소 정제 장치,처리 @item_1045#@1#r(산소 발생 물질로 장치를 채우면 산소를 추출할 수 있음),가공 @item_1045
4004003,산소 수집,@item_1048#@1#r(산소를 수집하려면 @item_1047#을 @item_1045#에 넣으십시오),@item_1048#@1을 얻으십시오.
4004004,산소 배낭,처리 및 착용 @item_12275#@1#r(@item_1048# 캔을 몇 개 더 준비한 다음 다이빙을 하면 더 안전합니다),가공 및 착용 @item_12275
4004005,다이빙 장비 1,가공 및 마모 @item_11642#@1#r(수중 조명의 경우 @item_11642#),가공 및 착용 @item_11642
4004006,다이빙 장비 2,처리 및 착용 @item_11643 #@1#r(수중 압력의 경우 @item_11643 #),가공 및 착용 @item_11643
4004007,다이빙 장비 3,가공 및 착용 @item_11644#@1#r(수중 이동 가속화를 위한 @item_11644#),가공 및 착용 @item_11644
4004008,전설적인 낚시꾼,"해변 어촌의 전설적인 낚시꾼과의 무역 #r (어촌은 머리에 왕관을 쓰고 무자비한 역할을 하며, 한 사람의 뛰어난 낚시 기술만이 마을 전체의 식량 공급을 지원할 수 있습니다)",바다에서 전설적인 낚시꾼과 거래
4004009,포세이돈,"해변 어촌에서 @item_11655 #@item_1193 #@1 #r 사용하세요 (아이돌은 모두 등대에 있고, 어촌을 돌아다니고, 수리 후 아이돌을 다시 클릭하면 좋은 일이 생길 것입니다)",해변 어촌의 복원 @item_1193#@1
4004010,심해 모험!,Myra에 대한 심해 생태 #r에 발을 들여 놓으십시오(심해는 위험으로 가득 차 있고 깊이 들어갈수록 수압이 강해지고 일반인은 잠수 장비를 착용하지 않고는 생존하기 어렵습니다).,Myra에서 심해 찾기
4004011,무인도에 도착,Myra의 사막 섬 생태 #r에 발을 들여 놓으십시오(해적들은 사막 섬에 주둔하는 것을 좋아하고 때때로 해적들이 남긴 보물을 찾습니다).,미라에서 무인도 찾기
4004012,해적 상인,"해적 상인들과 거래하기#r (해적 상인들은 소프트를 괴롭히고 하드를 두려워하며, 그는 자신보다 강한 사람들과만 거래하고, 그와 거래하기 전에 가장 강한 장비를 바꿀 것입니다)",해적 상인 거래
4004013,붉은 지구 섬에 도착,Myra에 있는 후자 섬의 생태 #r에 발을 들여 놓으십시오(후자 섬의 토양에는 이상한 물질이 포함되어 있으며 일반 동식물은 이 환경에서 생존할 수 없으며 살아남은 생물은 몇 가지 놀라운 변화를 겪었습니다).,미라에서 늦은 섬 찾기
4004014,파인애플 너머,@item_1187#@1을 사용하십시오#r (붉은 지구 섬의 특수 식물을 뱃속에 먹지 마십시오. 붉은 지구 섬이 내뿜는 먼지를 들이마시면 갑자기 병에 걸리고 미치게 됩니다.),@item_1187#@1 사용
4004015,산호섬에 도착,Myra의 산호섬 #r에 발을 들여 놓으십시오(산호섬 전체의 붉은 모래는 산호를 살아 있게 하여 물 없이도 생존할 수 있습니다. 일부 산호섬은 가구 디자이너를 찾을 수 있습니다),미라에서 산호섬 찾기
4004016,섬 상인,섬 상인과 거래하십시오#r(그녀의 가구 디자인은 항상 새로운 트릭을 능가합니다),섬 상인과 거래
4004017,섬을 정복하십시오!,"모든 종류의 섬 찾기#r(마운트 사막 섬, 산호 섬, 후자 섬)",모든 유형의 섬 찾기
4004018,번개 코어,@item_11648#@1#r (심해 바닥에 가라앉은 배를 보세요),@item_11648#@1을 얻으십시오.
4004019,번개의 힘!,"룬이 무기를 넣을 때 ""번개 채찍"" 항목을 얻습니다#r (룬이 넣을 때 보조 재료를 추가하여 ""번개 채찍"" 항목을 얻습니다)","룬 모자이크는 ""번개 채찍""이라는 항목을 가져옵니다."
4004020,수호자 하트,바다 정령 경비대를 물리치고 @item_11640#@1 #r (심해에서 바다 정령 경비대와 싸울 때 조심하세요),@item_11640#@1을 얻으십시오.
4004021,고개가 되다,@item_11641#을 사용하여 변환#r(룬 파워는 몸 전체에 주입됩니다),@item_11641#을 사용하여 변환
4004022,바다를 정복하십시오!,"""바다 아래 30,000마일"" 목표에서 모든 임무를 완료하십시오.","""바다 아래 30,000마일"" 목표에서 모든 임무를 완료하십시오."
4005001,빙원에 도착,미라 스타의 빙원 생태 #r에 들어가십시오 (빙원 지역은 일년 내내 눈으로 덮여 있으며 표면의 동식물은 드물지만 여전히 강한 사람들이 살고 있습니다 ...),미라 행성에서 얼음 밭 찾기
4005002,웜 슈트,@item_12312#@1#r과 같은 모든 종류의 차가운 장비를 처리하고 착용하십시오(빙원 지역의 온도는 매우 춥습니다. 따뜻하게 유지하기 위해 주의),모든 종류의 겨울 장비 가공 및 착용
4005003,눈 덮인 산기슭에 도착,미라 스타 (Mira Star)의 스노우 마운틴 바텀 에코 #r (올라갈 준비를하세요! 빅 스노우 마운틴 (Big Snow Mountain) 주변에 구멍을 뚫을 수있는 좋은 기회가 있습니다. 등반 중에 동굴을 찾으십시오!),미라 스타 (Mira Star)의 눈 덮인 산 바닥의 생태 속으로 들어가십시오.
4005004,메인 피크 오르기,밀라 스타 #r (Mila Star )의 눈 덮인 산의 주요 봉우리 생태에 발을 들여 놓으십시오.,밀라 스타 (Mila Star)의 눈 덮인 산의 주요 봉우리의 생태에 발을 들여 놓으십시오.
4005005,외계 방문자?,눈 덮인 산의 주요 봉우리에 자리 잡은 얼음 유성 트롤#r 물리치십시오(빙원의 마을 사람들은 일년 내내 얼음 유성 트롤에 감염되었습니다. 그를 물리칠 수 있다면 마을 사람들은 당신에게 매우 감사할 것입니다),얼음 유성 트롤을 물리치세요
4005006,차가운 악을 쫓아내십시오,해동된 빙원 마을 사람들에게 먹이주기 @item_12534#@1#r (@item_12534#을 먹으면 유기체가 체온을 회복하는 데 도움이 됨),빙원의 야생 마을 사람들에게 먹이를 주세요 @item_12534#@1
4005007,명령 인프라,마을 사람들에게 #r 집을 짓도록 지시하십시오 (@item_150005 #을 배치 한 후 건축 도면을 @item_150005 #에 넣고 필요한 재료를 채우면 노동자 마을 주민이나 노동자 야만인 파트너에게 집을 짓도록 지시 할 수 있습니다),마을 사람들에게 집을 짓도록 지시하십시오.
4005008,피가 끓는다,#r 강화하기 위해 @item_150001# 또는 @item_150000#에 @item_1389#을 넣습니다(마을 사람들이 @item_1389#으로 토템을 지나갈 때마다 피가 끓고 일에 대한 동기가 크게 높아집니다),보강을 위해 @item_150000#에 @item_1389#을 넣습니다.
4005009,하위 봉우리 오르기,미라 스타의 스노우 마운틴 서브 피크 에코 #r에 발을 들여 놓으십시오 (밀라 스타의 다른 산에 비해 스노우 마운틴은 정말 높습니다),밀라 스타 (Mila Star)의 눈 덮인 산 하위 봉우리의 생태에 발을 들여 놓으십시오.
4005010,눈의 축복,#@1#r @item_764 모으십시오 (운이 좋으면 설산의 두 번째 봉우리에서 @item_764#을 찾을 수 있습니다.) 룬 인레이의 부재료로 [대피소] 유형의 효과를 얻을 수 있음),수집 @item_764 #@1
4005011,폴리 장갑,처리 @item_11231 #@1#r(@item_11231#을 사용하면 snowball로 이동하여 플레이할 수 있음),처리 @item_11231 #@1
4005012,눈사람 만들기,@item_11231#Snowballs를 사용하여 눈사람 생성#r(두 개의 눈덩이가 쌓이면 눈사람이 만들어집니다),@item_11231#Snowball을 사용하여 눈사람 생성
4005013,생명에 생명을 불어넣다,@item_12710#를 사용하여 눈사람 #r 활성화합니다(얼음 정령 가드를 물리친 후 얻은 @item_12710#에는 여전히 생명력의 일부가 있으며 눈사람에 넣어 생명을 줄 수 있습니다),@item_12710#를 사용하여 눈사람 활성화
4005014,극을 정복하라,Polar Journey 목표의 모든 미션을 완료하세요,Polar Journey 목표의 모든 미션을 완료하세요
