keyid,名字,属性描述
keyid,Name,AttrDesc
5001,Lancement.,A 10% de chance de repousser +
5002,Lancement,A 20% de chance de faire reculer +
5003,Lancement,A 30% de chances de repousser +
6001,Tranchant,Attaque de mêlée+
6002,Tranchant,Attaque de mêlée+
6003,Tranchant,Attaque de mêlée+
7001,Chasseur humain,Chasseur humain+
7002,Chasseur humain,Chasseur humain+
7003,Chasseur humain,Chasseur humain+
8001,Chasseur de bêtes.,Chasseur de bêtes +
8002,Chasseur de bêtes,Chasseur de bêtes+
8003,Chasseur de bêtes,Chasseur de bêtes+
9001,Chasseur d'élite,Chasseur d'élite +
9002,Elite Hunter,Elite Hunter +
9003,Chasseur d'élite,Chasseur d'élite+
10001,Brûlure,Niveau de combustion
10002,Brûlure,Niveau de combustion
10003,Brûlure,Niveau de combustion
11001,Distance de recul augmentée.,Distance de recul augmentée.
11002,Distance de recul accrue,Distance de recul augmentée
11003,Distance de recul augmentée.,Distance de recul augmentée.
12001,Chasse chanceuse,Niveau de chasse chanceux
12002,Chasse chanceuse,Niveau de chasse chanceux
12003,Chasse chanceuse,Niveau de chasse chanceux
13001,Tir puissant,Dégâts d'arc et de flèche+
13002,Tir puissant,Dégâts d'arc et de flèche+
13003,Tir puissant,Dégâts d'arc et de flèche+
14001,Prise de vue illimitée,Prise de vue illimitée
14002,Prise de vue illimitée,Prise de vue illimitée
14003,Prise de vue illimitée,Prise de vue illimitée
15001,Durabilité,Durabilité+
15002,Durabilité,Durabilité+
15003,Durabilité,Durabilité+
16001,Résistance au corps à corps,Résistance au corps à corps+
16002,Résistance au corps à corps,Résistance au corps à corps+
16003,Résistance au corps à corps,Résistance au corps à corps+
17001,Résistance à distance,Résistance à distance+
17002,Résistance à distance,Résistance à distance+
17003,Résistance à distance,Résistance à distance+
18001,Résistance aux explosions,Résistance aux explosions+
18002,Résistance aux explosions,Résistance aux explosions+
18003,Résistance aux explosions,Résistance aux explosions+
19001,Résistance aux brûlures,Résistance à la brûlure+
19002,Résistance aux brûlures,Résistance à la brûlure+
19003,Résistance aux brûlures,Résistance à la brûlure+
20001,Résistance au poison,Résistance aux poisons+
20002,Résistance au poison,Résistance aux poisons+
20003,Résistance au poison,Résistance aux poisons+
21001,Résistance au chaos,Résistance au chaos+
21002,Résistance au chaos,Résistance au chaos+
21003,Résistance au chaos,Résistance au chaos+
22001,contre-attaque.,A une chance de 15% de contre-attaquer les unités de mêlée +
22002,Contre-attaque.,A une chance de 30% de contre-attaquer les unités en mêlée +
22003,Counterstrike,A une chance de contre-attaquer de 45% contre les unités de mêlée +
23001,La distance de recul est diminuée.,La distance de recul est réduite
23002,La distance de recul est diminuée.,La distance de recul est réduite
23003,La distance de repoussement est réduite.,La distance de recul est réduite
24001,Acquisition complète,Acquisition complète
24002,Acquisition complète,Acquisition complète
24003,Acquisition complète,Acquisition complète
25001,Vitesse d'extraction,Vitesse d'extraction +
25002,+ Vitesse d'extraction,Vitesse d'extraction +
25003,Vitesse d'extraction,Vitesse d'extraction +
26001,Lucky Digging,Niveau de creusement chanceux
26002,Lucky Digging,Niveau de creusement chanceux
26003,Lucky Digging,Niveau de creusement chanceux
27001,Tir explosif,Blast Shot+
27002,Tir explosif,Blast Shot+
27003,Tir explosif,Blast Shot+
28001,La chute du dragon,Dommages chute-
28002,La chute du dragon,Dommages chute-
28003,La chute du dragon,Dommages chute-
29001,Bouffon lanceur,Lance-Gobelins+
29002,Bouffon lanceur,Lance-Gobelins+
29003,Bouffon lanceur,Lance-Gobelins+
30001,Descente (Greaves),"Accroupi en l'air, vitesse de chute +"
30002,Descente (Greaves),"Accroupi en l'air, vitesse de chute +"
30003,Descente (Greaves),"Accroupi en l'air, vitesse de chute +"
31001,Escalade de mur (chaussures),"Activer l'escalade de murs, mais la vitesse"
31002,Escalade de mur (chaussures),"Activer l'escalade de murs, mais la vitesse"
31003,Escalade de mur (chaussures),"Activer l'escalade de murs, mais la vitesse"
32001,Saigner,Niveau de saignement
32002,Saigner,Niveau de saignement
32003,Saigner,Niveau de saignement
33001,Fouet de foudre,Fouet de foudre Lvl 1
33002,Fouet de foudre,Foudre Lvl 2
33003,Fouet de foudre,Fouet foudroyant Lvl 3
34003,Fouet de foudre,Fouet de foudre Lvl 4
35003,Fouet de foudre,Foudre Lvl 5
36001,Pêche chanceuse,Niveau de pêche chanceux
36002,Pêche chanceuse,Niveau de pêche chanceux
36003,Pêche chanceuse,Niveau de pêche chanceux
37001,Résistant au froid,Résistant au froid+
37002,Résistant au froid,Résistant au froid+
37003,Résistant au froid,Résistant au froid+
38001,Résistance au gel,Résistance au gel+
38002,Résistance au gel,Résistance au gel+
38003,Résistance au gel,Résistance au gel+
39003,Bénédiction de l'outil,Bénédiction de l'outil
40003,Bénédiction des armes,Bénédiction des armes
41003,Bénédiction de l'équipement,Bénédiction de l'équipement
42001,Dommages causés par la glace,Niveau de dommages causés par la glace
42002,Dommages causés par la glace,Niveau de dommages causés par la glace
42003,Dommages causés par la glace,Niveau de dommages causés par la glace
43001,Bonus dégâts physiques de mêlée,Dommages physiques de mêlée +
43002,Bonus de dommages physiques de mêlée,Dommages physiques de mêlée +
43003,Augmentation des dégâts physiques de mêlée,Dégâts physiques de mêlée +
44001,Résilience,Réduction des dégâts +
44002,Perseverance,Réduction des dégâts + Résilience.
44003,Résilience,Réduction des dégâts +
45001,Protection à distance,Dommages physiques à distance-
45002,Protection à distance,Dommage physique à distance -
45003,Protection à distance,Dommages physiques à distance -
46001,Protection contre les explosions,Dommages causés par des explosions -
46002,Protection contre les explosions,Dommages d'explosion-
46003,Protection contre les explosions,Dommages causés par une explosion -
47001,Vitesse de rétablissement de la résilience,Rétablissement de la résilience +
47002,Récupération de résilience,Récupération de résilience+
47003,Récupération de la résilience,Récupération de la résilience +
48001,Saut en hauteur,Capacité de saut +
48002,Saut en hauteur élevé,Capacité de saut +
48003,Saut en hauteur élevé,Capacité de saut +
49001,"Changement, changement, changement",Probabilité de transformation de l'ennemi +
49002,Transformation transformation transformation,Probabilité de transformation de l'ennemi +
49003,Changer changer changer,Probabilité de transformation de l'ennemi +
50001,Protection de durabilité,Probabilité de ne pas perdre de durabilité +
50002,Durabilité Protection,Probabilité de ne pas perdre de durabilité + protection de la durabilité.
50003,Protection de durabilité.,Probabilité de non-dégradation + protection de durabilité.
51001,Pêche rapide,Vitesse de pêche +
51002,Pêche rapide,Vitesse de pêche +
51003,Pêche rapide,Vitesse de pêche +
52001,Lenteur,Probabilité de ralentissement de l'ennemi +
52002,Lenteur,Chance de ralentissement de l'ennemi +
52003,Lentification,Probabilité de ralentissement de l'ennemi +
53001,Diminution de l'endurance minière,Baisse de l'endurance minière
53002,Diminution de l'endurance de creusage,Baisse de l'endurance de creusage
53003,Diminution de l'endurance de la fouille,Baisse de l'endurance de la fouille
54001,Météorite tombe,Météorite tombe
54002,Météore tombé,Météore tombé
54003,Météore tombé,Météore tombé
55001,Bonus d'expérience d'étoile,Expérience d'étoile acquise +
55002,Bonus d'expérience d'étoile.,Acquisition d'expérience d'étoile +
55003,Bonus d'expérience en étoiles.,Acquisition d'expérience en étoiles +
56001,Vitesse de compétences,Refroidissement de compétences-
56002,Compétences rapides,Refroidissement des compétences-
56003,Compétences rapides,Refroidissement des compétences-
57001,Coup final,Dommage de coup final +2%
57002,Coup fatal,Dégâts finaux +2%
57003,Coup final,Dommage final +2%
58001,Résistance au recul,Résistance au recul +5%
58002,Résistance au repoussement,Résistance à la défense +10%
58003,Résistance à la poussée,Résistance à la poussée +15%
59001,Bonus de dégâts aux bêtes,Dommages aux bêtes +
59002,Bonus de dommages aux bêtes,Dommages infligés aux bêtes +
59003,Bonus de dégâts infligés aux bêtes,Dommages infligés aux bêtes +
60001,Bonus de dégâts contre les sauvages,Dommages contre les sauvages+
60002,Bonus de dommages causés aux sauvages,Dommages causés par les sauvages +
60003,Bonus de dommages infligés aux sauvages,Dommages infligés aux sauvages +
61001,Augmentation des dommages aux élites,Dommages aux élites +
61002,Bonus de dégâts aux élites,Dommages aux élites +
61003,Bonus de dégâts aux élites,Dommages aux élites +
62001,Bonus de dégâts contre le vide.,Dommages + contre les créatures du vide
62002,Bonus de dégâts contre le vide,Dommages contre les créatures du vide +
62003,Bonus de Dommages de Vide.,Dommages aux créatures du vide +
63001,Bonus Dommages Horaires,Dommages aux créatures de Horas +
63002,Bonus heures dégâts,Dommages aux créatures de Horas +
63003,Bonus Dommages Horaires,Dommage causé par des extraterrestres+
64001,Bonus de dégâts aquatiques,Dommages causés aux créatures aquatiques +
64002,Bonus de dégâts aquatiques,Dommages causés aux créatures aquatiques +
64003,Dommages aquatiques bonus.,Dommages aux créatures aquatiques +
